Song,Genre,Artist
All I Want For Christmas Is You,"dance pop, pop, urban contemporary",Mariah Carey
Rockin' Around The Christmas Tree,"adult standards, lounge, rockabilly",Brenda Lee
Jingle Bell Rock,,Bobby Helms
Last Christmas,"new romantic, new wave pop, soft rock",Wham!
A Holly Jolly Christmas,american folk revival,Burl Ives
It's The Most Wonderful Time Of The Year,"adult standards, easy listening",Andy Williams
Feliz Navidad,"latin pop, puerto rican pop",Jose Feliciano
Anti-Hero,pop,Taylor Swift
The Christmas Song (Merry Christmas To You),"adult standards, lounge, soul, swing, vocal jazz","Nat ""King"" Cole"
Unholy,"pop, uk pop",Sam Smith & Kim Petras
Kill Bill,"pop, r&b, rap",SZA
Santa Tell Me,pop,Ariana Grande
Sleigh Ride,"brill building pop, classic girl group, motown, rock-and-roll",The Ronettes
Underneath The Tree,"dance pop, pop, talent show",Kelly Clarkson
Christmas (Baby Please Come Home),,Darlene Love
White Christmas,"adult standards, easy listening, lounge",Bing Crosby With Ken Darby Singers & John Scott Trotter & His Orchestra
Deck The Halls,"adult standards, lounge, soul, swing, vocal jazz",Nat King Cole
Let It Snow; Let It Snow; Let It Snow!,"adult standards, easy listening, lounge, vocal jazz",Dean Martin
I'm Good (Blue),"big room, dance pop, edm, pop, pop dance",David Guetta & Bebe Rexha
Jingle Bells,"adult standards, easy listening, lounge",Frank Sinatra With The Orchestra & Chorus Of Gordon Jenkins
Rich Flex,"canadian hip hop, canadian pop, hip hop, pop rap, rap",Drake & 21 Savage
Creepin',"hip hop, rap",Metro Boomin| The Weeknd & 21 Savage
It's Beginning To Look A Lot Like Christmas,"adult standards, easy listening, lounge",Perry Como And The Fontane Sisters With Mitchell Ayres And His Orchestra
Blue Christmas,"rock-and-roll, rockabilly",Elvis Presley
It's Beginning To Look A Lot Like Christmas,"adult standards, canadian pop, jazz pop, lounge",Michael Buble
Die For You,"canadian contemporary r&b, canadian pop, pop",The Weeknd & Ariana Grande
Here Comes Santa Claus (Right Down Santa Claus Lane),"classic oklahoma country, cowboy western, traditional country, yodeling",Gene Autry
Rudolph The Red-Nosed Reindeer,"classic oklahoma country, cowboy western, traditional country, yodeling",Gene Autry & The Pinafores
Little Saint Nick,"baroque pop, classic rock, folk rock, mellow gold, psychedelic rock, rock, singer-songwriter, sunshine pop",The Beach Boys
Bad Habit,afrofuturism,Steve Lacy
As It Was,pop,Harry Styles
Run Rudolph Run,"blues, blues rock, classic rock, rock, rock-and-roll, rockabilly, soul",Chuck Berry
Wonderful Christmastime,"classic rock, mellow gold, rock, soft rock",Paul McCartney
Santa Claus Is Comin' To Town,"motown, soul",Jackson 5
You're A Mean One; Mr. Grinch,movie tunes,Thurl Ravenscroft
Santa Baby,"torch song, vocal jazz",Eartha Kitt With Henri Rene And His Orchestra
This Christmas,"chicago soul, classic soul, funk, neo soul, quiet storm, soul, southern soul",Donny Hathaway
Cuff It,"pop, r&b",Beyonce
Under The Influence,"r&b, rap",Chris Brown
Happy Holiday / The Holiday Season,"adult standards, easy listening",Andy Williams
(There's No Place Like) Home For The Holidays (1959),"adult standards, easy listening, lounge",Perry Como With Mitchell Ayers And His Orchestra
Something In The Orange,classic oklahoma country,Zach Bryan
Please Come Home For Christmas,"album rock, classic rock, heartland rock, mellow gold, rock, soft rock, yacht rock",Eagles
Merry Christmas,"pop, singer-songwriter pop, uk pop",Ed Sheeran & Elton John
Made You Look,"hip pop, pop",Meghan Trainor
You Proof,contemporary country,Morgan Wallen
Happy Xmas (War Is Over),"classic rock, rock",John & Yoko/The Plastic Ono Band With The Harlem Community Choir
Have Yourself A Merry Little Christmas,"adult standards, canadian pop, jazz pop, lounge",Michael Buble
Golden Hour,"modern indie pop, pov: indie, singer-songwriter pop",JVKE
Christmastime Is Here,jazz trio,Vince Guaraldi Trio
Super Freaky Girl,"hip pop, pop, queens hip hop, rap",Nicki Minaj
Shirt,"pop, r&b, rap",SZA
Just Wanna Rock,"hip hop, melodic rap, philly rap, rage rap, rap, trap",Lil Uzi Vert
Tomorrow 2,southern hip hop,GloRilla & Cardi B
Superhero (Heroes & Villains),"hip hop, rap",Metro Boomin| Future & Chris Brown
Thank God,"black americana, contemporary country, country, country road",Kane Brown With Katelyn Brown
Lift Me Up,"barbadian pop, pop, urban contemporary",Rihanna
Until I Found You,gen z singer-songwriter,Stephen Sanchez
Nobody Gets Me,"pop, r&b, rap",SZA
Someday At Christmas,"escape room, minnesota hip hop, pop, trap queen",Lizzo
Rock And A Hard Place,"contemporary country, modern country pop",Bailey Zimmerman
Gato de Noche,"reggaeton, trap latino, urbano latino",Nengo Flow & Bad Bunny
Victoria's Secret,gen z singer-songwriter,Jax
Lavender Haze,pop,Taylor Swift
Low,"pop, r&b, rap",SZA
Son Of A Sinner,"country rap, nashville hip hop, tennessee hip hop",Jelly Roll
Blind,"pop, r&b, rap",SZA
What My World Spins Around,contemporary country,Jordan Davis
Wait In The Truck,"contemporary country, modern country pop",HARDY Featuring Lainey Wilson
Going; Going; Gone,"contemporary country, country",Luke Combs
Heart Like A Truck,"contemporary country, modern country pop",Lainey Wilson
Last Christmas,"alt z, gen z singer-songwriter, singer-songwriter pop",Lauren Spencer Smith
Blue Christmas,"rock-and-roll, rockabilly",Kane Brown
Snooze,"pop, r&b, rap",SZA
Escapism,"uk contemporary r&b, uk pop",RAYE Featuring 070 Shake
Santa; Can't You Hear Me,"dance pop, pop, talent show",Kelly Clarkson & Ariana Grande
Love Language,"pop, r&b, rap",SZA
Star Walkin' (League Of Legends Worlds Anthem),lgbtq+ hip hop,Lil Nas X
Calm Down,"afrobeats, nigerian pop",Rema & Selena Gomez
Whiskey On You,"contemporary country, modern country pop",Nate Smith
Seek & Destroy,"pop, r&b, rap",SZA
Hold Me Closer,"glam rock, mellow gold, piano rock, rock",Elton John & Britney Spears
Que Vuelvas,musica chihuahuense,Carin Leon X Grupo Frontera
Too Many Nights,"hip hop, rap",Metro Boomin Featuring Don Toliver & Future
Spin Bout U,"canadian hip hop, canadian pop, hip hop, pop rap, rap",Drake & 21 Savage
Used,"contemporary country, country",SZA Featuring Don Toliver
Romantic Homicide,bedroom pop,d4vd
Circo Loco,"canadian hip hop, canadian pop, hip hop, pop rap, rap",Drake & 21 Savage
Ghost In The Machine,"pop, r&b, rap",SZA Featuring Phoebe Bridgers
Down Home,"black americana, contemporary country, country road, modern country rock",Jimmie Allen
Bebe Dame,"corrido, corridos tumbados, sad sierreno, sierreno",Fuerza Regida X Grupo Frontera
Special,"pop, r&b, rap",SZA
No Se Va,musica chihuahuense,Grupo Frontera
Kid On Christmas,"a cappella, viral pop",Pentatonix Featuring Meghan Trainor
One Thing At A Time,contemporary country,Morgan Wallen
Pick Me Up,contemporary country,Gabby Barrett
SOS,"pop, r&b, rap",SZA
Forget Me,"pop, uk pop",Lewis Capaldi
La Jumpa,"latin hip hop, reggaeton, trap latino, urbano latino",Arcangel & Bad Bunny
Gone Girl,"pop, r&b, rap",SZA
I Like You (A Happier Song),"dfw rap, melodic rap, pop, rap",Post Malone Featuring Doja Cat
Wasted On You,contemporary country,Morgan Wallen
About Damn Time,"escape room, minnesota hip hop, pop, trap queen",Lizzo
Wait For U,"atl hip hop, hip hop, rap, southern hip hop, trap",Future Featuring Drake & Tems
Sunroof,singer-songwriter pop,Nicky Youre & dazy
I Ain't Worried,"piano rock, pop",OneRepublic
Vegas,"dance pop, pop",Doja Cat
Thought You Should Know,contemporary country,Morgan Wallen
The Kind Of Love We Make,"contemporary country, country",Luke Combs
She Had Me At Heads Carolina,"contemporary country, country, country road, modern country rock",Cole Swindell
Unstoppable,"australian dance, australian pop, pop",Sia
Fall In Love,"contemporary country, modern country pop",Bailey Zimmerman
Jimmy Cooks,"canadian hip hop, canadian pop, hip hop, pop rap, rap",Drake Featuring 21 Savage
Hotel Lobby (Unc And Phew),"atl hip hop, melodic rap, rap, trap",Quavo & Takeoff
Tennessee Orange,"contemporary country, modern country pop",Megan Moroney
What He Didn't Do,"contemporary country, country, country road",Carly Pearce
Bloody Mary,"art pop, dance pop, pop",Lady Gaga
Handle On You,"classic texas country, contemporary country, modern country pop, texas country",Parker McCollum
Snap,alt z,Rosa Linn
Freestyle,"atl hip hop, atl trap, rap, trap",Lil Baby
Half Of Me,"contemporary country, country, country road, modern country rock",Thomas Rhett Featuring Riley Green
Wild As Her,"modern country pop, texas country",Corey Kent
Billie Eilish.,indie hip hop,Armani White
Bejeweled,pop,Taylor Swift
La Bachata,"colombian pop, latin pop, reggaeton, reggaeton colombiano, trap latino, urbano latino",Manuel Turizo
Heyy,"atl hip hop, atl trap, rap, trap",Lil Baby
Open Arms,"pop, r&b, rap",SZA Featuring Travis Scott
Niagara Falls (Foot Or 2),"hip hop, rap",Metro Boomin| Travis Scott & 21 Savage
The Color Violet,"canadian hip hop, canadian trap, melodic rap, pop rap, r&b, rap, trap",Tory Lanez
Here With Me,bedroom pop,d4vd
California Breeze,"atl hip hop, atl trap, rap, trap",Lil Baby
Love You Better,"atl hip hop, hip hop, rap, southern hip hop, trap",Future
Pussy & Millions,"canadian hip hop, canadian pop, hip hop, pop rap, rap",Drake & 21 Savage Featuring Travis Scott
Out In The Middle,"contemporary country, country, country road, modern country rock",Zac Brown Band
On BS,"canadian hip hop, canadian pop, hip hop, pop rap, rap",Drake & 21 Savage
Shut Up My Moms Calling,modern indie pop,Hotel Ugly
Midnight Rain,pop,Taylor Swift
Players,"new jersey underground rap, trap queen",Coi Leray
Major Distribution,"canadian hip hop, canadian pop, hip hop, pop rap, rap",Drake & 21 Savage
Notice Me,"pop, r&b, rap",SZA
Sure Thing,"r&b, urban contemporary",Miguel
Black,"baton rouge rap, rap",YoungBoy Never Broke Again
Miss You,alternative hip hop,Oliver Tree & Robin Schulz
Ditto,"k-pop, k-pop girl group",NewJeans
That's What Tequila Does,"contemporary country, country, country road, modern country rock",Jason Aldean
You Didn't,"contemporary country, country, country road, modern country rock",Brett Young
Flowers,pop,Miley Cyrus
Bzrp Music Sessions; Vol. 53,"argentine hip hop, pop venezolano, trap argentino, trap latino, urbano latino",Bizarrap & Shakira
On Wat U On,"memphis hip hop, rap, southern hip hop, tennessee hip hop, trap",Moneybagg Yo x GloRilla
Nonsense,pop,Sabrina Carpenter
Vibe,"k-pop, korean r&b",TAEYANG Featuring Jimin
Monotonia,"colombian pop, dance pop, latin pop, pop",Shakira + Ozuna
OMG,"k-pop, k-pop girl group",NewJeans
Human,"classic texas country, contemporary country, modern country pop",Cody Johnson
Heart To Heart,"edmonton indie, lo-fi indie, pov: indie",Mac DeMarco
King Snipe,"atl hip hop, dirty south rap, hip hop, pop rap, rap, southern hip hop, trap",Gucci Mane & Kodak Black
Knight Crawler,"melodic rap, rap, trap",Trippie Redd & Juice WRLD
Red,"contemporary country, modern country pop",HARDY Featuring Morgan Wallen
10:35,"big room, brostep, dutch edm, edm, house, pop dance, slap house, trance",Tiesto Featuring Tate McRae
I Wish You Roses,colombian pop,Kali Uchis
Gangsta Boo,bronx drill,Ice Spice & Lil Tjay
Moonlight Sunrise,"k-pop, k-pop girl group, pop",TWICE
Fully Loaded,"melodic rap, rap, trap",Trippie Redd| Future & Lil Baby
Krzy Train,"melodic rap, rap, trap",Trippie Redd & Travis Scott
Next Thing You Know,contemporary country,Jordan Davis
AMG,"corrido, corridos tumbados, musica mexicana, sad sierreno, sierreno",Gabito Ballesteros| Peso Pluma & Natanael Cano
Do It Again,"memphis hip hop, rap",NLE Choppa & 2Rare
Back End,memphis hip hop,Finesse2Tymes
Spit In My Face!,bedroom r&b,ThxSoMch
Last Night,contemporary country,Morgan Wallen
Love Again,australian hip hop,The Kid LAROI
Dawns,classic oklahoma country,Zach Bryan Featuring Maggie Rogers
I Wrote The Book,contemporary country,Morgan Wallen
Everything I Love,contemporary country,Morgan Wallen
Growin' Up And Gettin' Old,"contemporary country, country",Luke Combs
I'm Not Here To Make Friends,"pop, uk pop",Sam Smith
The Black Seminole.,"atl hip hop, melodic rap, rap, trap",Lil Yachty
Fin de Semana,"corrido, corridos tumbados, sierreno",Junior H X Oscar Maydon
Tennessee Fan,contemporary country,Morgan Wallen
Hey Mor,"puerto rican pop, reggaeton, trap latino, urbano latino",Ozuna Featuring Feid
Never Gonna Not Dance Again,"dance pop, pop",P!nk
Dancin' In The Country,"contemporary country, modern country pop",Tyler Hubbard
Boy's A Liar; Pt. 2,bedroom pop,PinkPantheress & Ice Spice
X Si Volvemos,"reggaeton, reggaeton colombiano, trap latino, urbano latino",Karol G x Romeo Santos
PRC,,Peso Pluma X Natanael Cano
Watch The World Burn,"alternative metal, pop punk, rap metal",Falling In Reverse
In Ha Mood,bronx drill,Ice Spice
Yandel 150,"latin hip hop, reggaeton, trap latino, urbano latino",Yandel & Feid
Love You Anyway,"contemporary country, country",Luke Combs
Umbrella,swedish electropop,Rihanna Featuring Jay-Z
Lost,"alternative metal, nu metal, post-grunge, rap metal, rock",Linkin Park
Diamonds,"barbadian pop, pop, urban contemporary",Rihanna
We Found Love,"barbadian pop, pop, urban contemporary",Rihanna Featuring Calvin Harris
Special,"pop, r&b, rap",Lizzo Featuring SZA
Fix'n To Break,"contemporary country, modern country pop",Bailey Zimmerman
Forever,"atl hip hop, atl trap, rap, trap",Lil Baby Featuring Fridayy
Painting Pictures,southern hip hop,Superstar Pride
Hope,"hip hop, pop rap",NF
Favorite Song,north carolina hip hop,Toosii
Watch This (ARIZONATEARS Pluggnb Remix),"hip hop, melodic rap, philly rap, rage rap, rap, trap",Lil Uzi Vert
Heaven,pop,Niall Horan
No Time Wasted,"chicago rap, rap",Polo G & Future
Ceilings,"alt z, boston folk, indie pop, singer-songwriter pop",Lizzy McAlpine
Trance,"hip hop, rap",Metro Boomin| Travis Scott & Young Thug
Lottery,trap queen,Latto Featuring LU KALA
Trustfall,"dance pop, pop",P!nk
Slut Me Out,"memphis hip hop, rap",NLE Choppa
Gold,"contemporary country, country, country road, modern country rock",Dierks Bentley
TQG,"reggaeton, reggaeton colombiano, trap latino, urbano latino",Karol G x Shakira
Kant Nobody,"hip hop, new orleans rap, pop rap, rap, trap",Lil Wayne Featuring DMX
Mientras Me Curo del Cora,"reggaeton, reggaeton colombiano, trap latino, urbano latino",Karol G
Gucci Los Panos,"reggaeton, reggaeton colombiano, trap latino, urbano latino",Karol G
Private Landing,"pop rap, rap, trap",Don Toliver Featuring Justin Bieber & Future
Tus Gafitas,"reggaeton, reggaeton colombiano, trap latino, urbano latino",Karol G
Gatubela,"reggaeton, reggaeton colombiano, trap latino, urbano latino",Karol G x Maldy
No More Talk,"pluggnb, rage rap",Yeat
Split,"pluggnb, rage rap",Yeat
Cairo,"reggaeton, reggaeton colombiano, trap latino, urbano latino",Karol G & Ovy On The Drums
Shmunk,"pluggnb, rage rap",Yeat Featuring YoungBoy Never Broke Again
Pero Tu,"reggaeton, reggaeton colombiano, trap latino, urbano latino",Karol G & Quevedo
Dirt,"memphis hip hop, rap, southern hip hop, tennessee hip hop, trap",Key Glock
Joe,"contemporary country, country",Luke Combs
Ojos Ferrari,"reggaeton, reggaeton colombiano, trap latino, urbano latino",Karol G| Justin Quiles & Angel Dior
Besties,"reggaeton, reggaeton colombiano, trap latino, urbano latino",Karol G
Manana Sera Bonito,"reggaeton, reggaeton colombiano, trap latino, urbano latino",Karol G & Carla Morrison
Die 4 Me,"electropop, etherpop, indie poptimism, pop",Halsey
Thinkin' Bout Me,contemporary country,Morgan Wallen
Ain't That Some,contemporary country,Morgan Wallen
Red Ruby Da Sleeze,"hip pop, pop, queens hip hop, rap",Nicki Minaj
Man Made A Bar,contemporary country,Morgan Wallen Featuring Eric Church
'98 Braves,contemporary country,Morgan Wallen
Devil Don't Know,contemporary country,Morgan Wallen
Sunrise,contemporary country,Morgan Wallen
Born With A Beer In My Hand,contemporary country,Morgan Wallen
Whiskey Friends,contemporary country,Morgan Wallen
Tennessee Numbers,contemporary country,Morgan Wallen
Cowgirls,contemporary country,Morgan Wallen Featuring ERNEST
Hope That's True,contemporary country,Morgan Wallen
Dying Man,contemporary country,Morgan Wallen
Keith Whitley,contemporary country,Morgan Wallen
In The Bible,contemporary country,Morgan Wallen Featuring HARDY
Neon Star (Country Boy Lullaby),contemporary country,Morgan Wallen
Me + All Your Reasons,contemporary country,Morgan Wallen
I Deserve A Drink,contemporary country,Morgan Wallen
F150-50,contemporary country,Morgan Wallen
Single Than She Was,contemporary country,Morgan Wallen
Wine Into Water,contemporary country,Morgan Wallen
On The Street,"k-pop, k-rap",j-hope With J. Cole
Days That End In Why,contemporary country,Morgan Wallen
180 (Lifestyle),contemporary country,Morgan Wallen
Last Drive Down Main,contemporary country,Morgan Wallen
Good Girl Gone Missin',contemporary country,Morgan Wallen
Me To Me,contemporary country,Morgan Wallen
Money On Me,contemporary country,Morgan Wallen
Had It,contemporary country,Morgan Wallen
Outlook,contemporary country,Morgan Wallen
Don't Think Jesus,contemporary country,Morgan Wallen
River,pop,Miley Cyrus
Jaded,pop,Miley Cyrus
Thousand Miles,"lilith, neo mellow, piano rock, pop rock, post-teen pop",Miley Cyrus Featuring Brandi Carlile
Rose Colored Lenses,pop,Miley Cyrus
Por Las Noches,"corridos tumbados, sad sierreno",Peso Pluma
All Of The Girls You Loved Before,pop,Taylor Swift
Ella Baila Sola,,Eslabon Armado X Peso Pluma
Set Me Free; Pt. 2,k-pop,Jimin
5 Leaf Clover,"contemporary country, country",Luke Combs
Eat Your Young,"irish singer-songwriter, modern rock, pov: indie",Hozier
La Bebe,"reggaeton, urbano mexicano",Yng Lvcas x Peso Pluma
El Gordo Trae El Mando,"corrido, corridos tumbados, sierreno",Chino Pacas
Coco Chanel,"trap boricua, trap latino, trap triste, urbano latino",Eladio Carrion & Bad Bunny
ICU,,Coco Jones
Moonlight,colombian pop,Kali Uchis
Death,"alt z, electropop, pop",Melanie Martinez
Nasty,"hawaiian hip hop, pop rap",Russ
Cupid,k-pop girl group,Fifty Fifty
Like Crazy,k-pop,Jimin
Eyes Closed,"pop, singer-songwriter pop, uk pop",Ed Sheeran
Fast Car,"contemporary country, country",Luke Combs
Low Down,"atl hip hop, atl trap, rap, trap",Lil Baby
Beso,"pop, r&b en espanol",Rosalia & Rauw Alejandro
Don't Play With It,trap queen,Lola Brooke X Latto X Yung Miami Or Featuring Billy B
Dogtooth,"hip hop, rap",Tyler| The Creator
The Light,"chicago rap, melodic rap, rap",Juice WRLD
Ch y La Pizza,"corrido, corridos tumbados, sad sierreno, sierreno",Fuerza Regida X Natanael Cano
Memory Lane,"contemporary country, country, country road, modern country rock",Old Dominion
Fight The Feeling,florida rap,Rod Wave
Sorry Not Sorry,"hip hop, rap",Tyler| The Creator
Void,"alt z, electropop, pop",Melanie Martinez
Need A Favor,"country rap, nashville hip hop, tennessee hip hop",Jelly Roll
WHARF TALK,,Tyler| The Creator Featuring A$AP Rocky
I Know,"bedroom r&b, sped up",Kanii
Hot Boy,"florida drill, florida rap, southern hip hop",Nardo Wick Featuring Lil Baby
Search & Rescue,"canadian hip hop, canadian pop, hip hop, pop rap, rap",Drake
Happy,"hip hop, pop rap",NF
Strike (Holster),"atl hip hop, melodic rap, rap, trap",Lil Yachty
Peaches,"comedy rock, comic",Jack Black
Careful,"hip hop, pop rap",NF & Cordae
El Azul,"corrido, corridos tumbados, musica mexicana, sad sierreno, sierreno",Junior H x Peso Pluma
Never Felt So Alone,"indie poptimism, pop",Labrinth
WTF,"florida drill, florida rap",YoungBoy Never Broke Again Featuring Nicki Minaj
Princess Diana,bronx drill,Ice Spice & Nicki Minaj
Chemical,"dfw rap, melodic rap, pop, rap",Post Malone
Un x100to,musica chihuahuense,Grupo Frontera X Bad Bunny
Daylight,"gen z singer-songwriter, singer-songwriter pop",David Kushner
See You Again,"hip hop, rap",Tyler| The Creator Featuring Kali Uchis
Chanel,"latin pop, latin viral pop, rap latina, reggaeton, trap latino, urbano latino",Becky G & Peso Pluma
Igualito A Mi Apa,"corrido, corridos tumbados, sad sierreno, sierreno",Fuerza Regida & Peso Pluma
Di Que Si,"corrido, norteno, sad sierreno",Grupo Marca Registrada X Grupo Frontera
It Matters To Her,"contemporary country, country, country road, modern country rock",Scotty McCreery
Double Fantasy,"canadian contemporary r&b, canadian pop, pop",The Weeknd Featuring Future
Alone,"alt z, pop, transpop",Kim Petras Featuring Nicki Minaj
Haegeum,k-rap,Agust D
Karma,pop,Taylor Swift Featuring Ice Spice
Fragil,sad sierreno,Yahritza y Su Esencia x Grupo Frontera
Big Truck,"baton rouge rap, rap",YoungBoy Never Broke Again
They Don't Love It,"deep underground hip hop, kentucky hip hop, pop rap, rap",Jack Harlow
Wreckage,"contemporary country, modern country pop",Nate Smith
Waffle House,"boy band, pop",Jonas Brothers
People,afrobeats,Libianca
Common Ground,"deep underground hip hop, kentucky hip hop, pop rap, rap",Jack Harlow
Area Codes,"rap, viral rap",Kaliii
Go Hard,"atl hip hop, atl trap, rap, trap",Lil Baby
Religiously,"contemporary country, modern country pop",Bailey Zimmerman
Mejor Que Yo,"reggaeton, reggaeton flow, trap boricua, trap latino, urbano latino",Anuel AA| Mambo Kingz & DJ Luian
You; Me; & Whiskey,"arkansas country, contemporary country, country, country road, modern country rock",Justin Moore & Priscilla Block
Mathematical Disrespect,,Lil Mabu
Shake Sumn,"hip hop, north carolina hip hop, pop rap, rap, trap",DaBaby
Curtains,"pop, singer-songwriter pop, uk pop",Ed Sheeran
What It Is (Block Boy),alternative r&b,Doechii Featuring Kodak Black
All My Life,"contemporary r&b, r&b, urban contemporary",Lil Durk Featuring J. Cole
Bitch Let's Do It,"baton rouge rap, rap",YoungBoy Never Broke Again
Life Goes On,"atl hip hop, atl trap, rap, trap",Ed Sheeran Featuring Luke Combs
Acrostico,"colombian pop, dance pop, latin pop, pop",Shakira
Bury Me In Georgia,"black americana, contemporary country, country, country road",Kane Brown
F**k The Industry Pt. 2,"baton rouge rap, rap",YoungBoy Never Broke Again
Everything She Ain't,"contemporary country, country pop, modern country pop",Hailey Whitters
Your Heart Or Mine,"contemporary country, country, country road, modern country rock",Jon Pardi
I Heard,"baton rouge rap, rap",YoungBoy Never Broke Again
Where She Goes,"reggaeton, trap latino, urbano latino",Bad Bunny
TQM,"corrido, corridos tumbados, sad sierreno, sierreno",Fuerza Regida
Mourning,"dfw rap, melodic rap, pop, rap",Post Malone
America Has A Problem,"pop, r&b",Beyonce Featuring Kendrick Lamar
Cruel Summer,pop,Taylor Swift
Say Yes To Heaven,"art pop, pop",Lana Del Rey
To Summer; From Cole (Audio Hug),"r&b, rap",Summer Walker & J. Cole
Angel; Pt. 1,"florida drill, florida rap, melodic rap, miami hip hop, rap, trap, trap latino",Kodak Black| NLE Choppa| Jimin| JVKE & Muni Long
You,"contemporary country, country, country road",Dan + Shay
Baby Don't Hurt Me,"big room, dance pop, edm, pop, pop dance",David Guetta| Anne-Marie & Coi Leray
Stand By Me,"chicago drill, chicago rap, drill, hip hop, rap, trap",Lil Durk Featuring Morgan Wallen
Hits Different,pop,Taylor Swift
Snow On The Beach,pop,Taylor Swift Featuring Lana Del Rey
Pelle Coat,"chicago drill, chicago rap, drill, hip hop, rap, trap",Lil Durk
War Bout It,"chicago drill, chicago rap, drill, hip hop, rap, trap",Lil Durk Featuring 21 Savage
Dance The Night,"dance pop, pop, uk pop",Dua Lipa
Bye,"corridos tumbados, sad sierreno",Peso Pluma
Never Imagined,"chicago drill, chicago rap, drill, hip hop, rap, trap",Lil Durk Featuring Future
Never Again,"chicago drill, chicago rap, drill, hip hop, rap, trap",Lil Durk
Pound Town 2,trap queen,Sexyy Red & Tay Keith & Nicki Minaj
Big Dawg,"chicago drill, chicago rap, drill, hip hop, rap, trap",Lil Durk & Chief Wuk
Cross The Globe,"chicago drill, chicago rap, drill, hip hop, rap, trap",Lil Durk Featuring Juice WRLD
Put Em On Ice,"chicago drill, chicago rap, drill, hip hop, rap, trap",Lil Durk
300 Urus,"chicago drill, chicago rap, drill, hip hop, rap, trap",Lil Durk
Sad Songs,"chicago drill, chicago rap, drill, hip hop, rap, trap",Lil Durk
Grandson,"modern alternative rock, modern rock, rock",Lil Durk Featuring Kodak Black
Before Fajr,"chicago drill, chicago rap, drill, hip hop, rap, trap",Lil Durk
B12,"chicago drill, chicago rap, drill, hip hop, rap, trap",Lil Durk
You Got Em,"chicago drill, chicago rap, drill, hip hop, rap, trap",Lil Durk
Put It On Da Floor Again,trap queen,Latto Featuring Cardi B
Bzrp Music Sessions; Vol. 55,"argentine hip hop, pop venezolano, trap argentino, trap latino, urbano latino",Bizarrap & Peso Pluma
Calling,"hip hop, rap",Metro Boomin| Swae Lee & NAV Featuring A Boogie Wit da Hoodie
Popular,"canadian contemporary r&b, canadian pop, pop",The Weeknd| Playboi Carti & Madonna
Annihilate,"hip hop, rap",Metro Boomin| Swae Lee| Lil Wayne & Offset
Bread & Butter,"atl hip hop, melodic rap, rap, trap",Gunna
Am I Dreaming,"hip hop, rap",Metro Boomin| A$AP Rocky & Roisee
Keep It Low,"memphis hip hop, rap, southern hip hop, tennessee hip hop, trap",Moneybagg Yo Featuring Future
All The Way Live,"hip hop, rap",Metro Boomin| Future & Lil Uzi Vert
Self Love,"hip hop, rap",Metro Boomin & Coi Leray
Ocean Spray,"memphis hip hop, rap, southern hip hop, tennessee hip hop, trap",Moneybagg Yo
Save Me,"country rap, nashville hip hop, tennessee hip hop",Jelly Roll With Lainey Wilson
Hummingbird,"hip hop, rap",Metro Boomin & James Blake
Peaches & Eggplants,"pluggnb, rap, trap",Young Nudy Featuring 21 Savage
Danger (Spider),"atl hip hop, hip hop, pop rap, rap, trap",Offset & JID
Dial Drunk,pov: indie,Noah Kahan With Post Malone
Take Two,"k-pop, k-pop boy group, pop",BTS
Plebada,"dembow, rap dominicano, trap latino, urbano latino",El Alfa x Peso Pluma
Truck Bed,"contemporary country, modern country pop",HARDY
The Hillbillies,"hip hop, rap",Baby Keem & Kendrick Lamar
Fukumean,"atl hip hop, melodic rap, rap, trap",Gunna
Back To The Moon,"atl hip hop, melodic rap, rap, trap",Gunna
Attention,"dance pop, pop",Doja Cat
Rodeo Dr,"atl hip hop, melodic rap, rap, trap",Gunna
Back At It,"atl hip hop, melodic rap, rap, trap",Gunna
Ca$h $hit,"atl hip hop, melodic rap, rap, trap",Gunna
Bottom,"atl hip hop, melodic rap, rap, trap",Gunna
IDK NoMore,"atl hip hop, melodic rap, rap, trap",Gunna
P Angels,"atl hip hop, melodic rap, rap, trap",Gunna
Paybach,"atl hip hop, melodic rap, rap, trap",Gunna
Go Crazy,"atl hip hop, melodic rap, rap, trap",Gunna
Girl In Mine,"contemporary country, country road, modern country rock, modern uplift",Parmalee
Classy 101,"colombian pop, pop reggaeton, reggaeton, reggaeton colombiano, trap latino, urbano latino",Feid x Young Miko
Bluffin,"atl hip hop, dirty south rap, hip hop, pop rap, rap, southern hip hop, trap",Gucci Mane & Lil Baby
Barbie World,"hip pop, pop, queens hip hop, rap",Nicki Minaj & Ice Spice With Aqua
Oh U Went,"atl hip hop, atl trap, gangster rap, melodic rap, rap, trap",Young Thug Featuring Drake
Sabor Fresa,"corrido, corridos tumbados, sad sierreno, sierreno",Fuerza Regida
Luna,"corridos tumbados, sad sierreno",Peso Pluma & Junior H
Lady Gaga,"corridos tumbados, sad sierreno",Peso Pluma| Gabito Ballesteros & Junior H
Parade On Cleveland,"atl hip hop, atl trap, gangster rap, melodic rap, rap, trap",Young Thug Featuring Drake
Cars Bring Me Out,"atl hip hop, atl trap, gangster rap, melodic rap, rap, trap",Young Thug Featuring Future
VVS,"corridos tumbados, sad sierreno",Peso Pluma| Edgardo Nunez & Los Dareyes de La Sierra
Wit Da Racks,"atl hip hop, atl trap, gangster rap, melodic rap, rap, trap",Young Thug Featuring 21 Savage| Travis Scott & Yak Gotti
Doomsday.,,Juice WRLD & Cordae
Want Me Dead,pluggnb,Young Thug Featuring 21 Savage
Rubicon,"corridos tumbados, sad sierreno",Peso Pluma
Hellcat Kenny,chicago rap,Young Thug Featuring Lil Uzi Vert
Money On The Dresser,"atl hip hop, atl trap, gangster rap, melodic rap, rap, trap",Young Thug
Uncle M,"atl hip hop, atl trap, gangster rap, melodic rap, rap, trap",Young Thug
Nueva Vida,"corridos tumbados, sad sierreno",Peso Pluma
Watermelon Moonshine,"contemporary country, modern country pop",Lainey Wilson
Lagunas,"corridos tumbados, sad sierreno",Peso Pluma & Jasiel Nunez
Rosa Pastel,"corridos tumbados, sad sierreno",Peso Pluma & Jasiel Nunez
Abracadabra,"atl hip hop, atl trap, gangster rap, melodic rap, rap, trap",Young Thug Featuring Travis Scott
Gucci Grocery Bag,"atl hip hop, atl trap, gangster rap, melodic rap, rap, trap",Young Thug
Vampire,pop,Olivia Rodrigo
Flooded The Face,"hip hop, melodic rap, philly rap, rage rap, rap, trap",Lil Uzi Vert
Endless Fashion,"hip hop, melodic rap, philly rap, rage rap, rap, trap",Lil Uzi Vert Featuring Nicki Minaj
Suicide Doors,"hip hop, melodic rap, philly rap, rage rap, rap, trap",Lil Uzi Vert
Aye,"hip hop, melodic rap, philly rap, rage rap, rap, trap",Lil Uzi Vert Featuring Travis Scott
Tulum,"corridos tumbados, sad sierreno",Peso Pluma & Grupo Frontera
I Gotta,"hip hop, melodic rap, philly rap, rage rap, rap, trap",Lil Uzi Vert
Party In The U.S.A.,pop,Miley Cyrus
Spin Again,"hip hop, melodic rap, philly rap, rage rap, rap, trap",Lil Uzi Vert
Crush Em,"hip hop, melodic rap, philly rap, rage rap, rap, trap",Lil Uzi Vert
X2,"hip hop, melodic rap, philly rap, rage rap, rap, trap",Lil Uzi Vert
Mojabi Ghost,"pop reggaeton, reggaeton, trap latino, urbano latino",Tainy & Bad Bunny
Pluto To Mars,"hip hop, melodic rap, philly rap, rage rap, rap, trap",Lil Uzi Vert
Mama; I'm Sorry,"hip hop, melodic rap, philly rap, rage rap, rap, trap",Lil Uzi Vert
Amped,"hip hop, melodic rap, philly rap, rage rap, rap, trap",Lil Uzi Vert
Patience,"hip hop, melodic rap, philly rap, rage rap, rap, trap",Lil Uzi Vert Featuring Don Toliver
Nakamura,"hip hop, melodic rap, philly rap, rage rap, rap, trap",Lil Uzi Vert
All Alone,"hip hop, melodic rap, philly rap, rage rap, rap, trap",Lil Uzi Vert
Died And Came Back,"hip hop, melodic rap, philly rap, rage rap, rap, trap",Lil Uzi Vert
Werewolf,"hip hop, melodic rap, philly rap, rage rap, rap, trap",Lil Uzi Vert Featuring Bring Me The Horizon
Zoom,"hip hop, melodic rap, philly rap, rage rap, rap, trap",Lil Uzi Vert
That Fiya,"hip hop, melodic rap, philly rap, rage rap, rap, trap",Lil Uzi Vert
We Didn't Start The Fire,"emo, modern rock, pop, rock",Fall Out Boy
I Can See You (Taylor's Version) (From The Vault),pop,Taylor Swift
Mine (Taylor's Version),pop,Taylor Swift
Back To December (Taylor's Version),pop,Taylor Swift
Enchanted (Taylor's Version),pop,Taylor Swift
Sparks Fly (Taylor's Version),pop,Taylor Swift
Dear John (Taylor's Version),pop,Taylor Swift
Better Than Revenge (Taylor's Version),pop,Taylor Swift
Castles Crumbling (Taylor's Version) (From The Vault),pop,Taylor Swift Featuring Hayley Williams
Speak Now (Taylor's Version),pop,Taylor Swift
When Emma Falls In Love (Taylor's Version) (From The Vault),pop,Taylor Swift
Electric Touch (Taylor's Version) (From The Vault),pop,Taylor Swift Featuring Fall Out Boy
Mean (Taylor's Version),pop,Taylor Swift
Foolish One (Taylor's Version) (From The Vault),pop,Taylor Swift
The Story Of Us (Taylor's Version),pop,Taylor Swift
Timeless (Taylor's Version) (From The Vault),pop,Taylor Swift
Haunted (Taylor's Version),pop,Taylor Swift
Long Live (Taylor's Version),pop,Taylor Swift
Last Kiss (Taylor's Version),pop,Taylor Swift
Never Grow Up (Taylor's Version),pop,Taylor Swift
Innocent (Taylor's Version),pop,Taylor Swift
Super Shy,"k-pop, k-pop girl group",NewJeans
Ours (Taylor's Version),pop,Taylor Swift
Superman (Taylor's Version),pop,Taylor Swift
Point Me 2,,FendiDa Rappa With Cardi B
LaLa,"reggaeton, trap latino, urbano latino",Myke Towers
Seven,k-pop,Jung Kook Featuring Latto
Try That In A Small Town,"contemporary country, country, country road, modern country rock",Jason Aldean
What Was I Made For?,"art pop, pop",Billie Eilish
Overdrive,"dfw rap, melodic rap, pop, rap",Post Malone
S91,"reggaeton, reggaeton colombiano, trap latino, urbano latino",Karol G
Rush,"australian pop, pop, viral pop",Troye Sivan
Save Me The Trouble,"contemporary country, country, country road",Dan + Shay
Turn Yo Clic Up,"atl hip hop, melodic rap, rap, trap",Quavo & Future
Quema,"reggaeton, trap colombiano, trap latino, urbano latino",Ryan Castro x Pe$o Pluma
Angels Don't Always Have Wings,"contemporary country, country, country road, modern country rock",Thomas Rhett
Thang For You,"alabama rap, atl trap, tennessee hip hop",Rylo Rodriguez Featuring NoCap
Johnny Dang,texas latin rap,That Mexican OT| Paul Wall & DRODi
K-POP,"hip hop, rap, slap house",Travis Scott| Bad Bunny & The Weeknd
White Horse,"contemporary country, outlaw country",Chris Stapleton
Deli,bronx drill,Ice Spice
Heartbroken,"dance pop, edm, electro house, moombahton, pop dance",Diplo| Jessie Murph & Polo G
Speed Drive,"art pop, candy pop, metropopolis, pop, uk pop",Charli XCX
ETA,"k-pop, k-pop girl group",NewJeans
I'm Just Ken,hollywood,Ryan Gosling
Oklahoma Smokeshow,classic oklahoma country,Zach Bryan
But I Got A Beer In My Hand,"contemporary country, country, country road, modern country rock",Luke Bryan
Cool With You,"k-pop, k-pop girl group",NewJeans
Talibans II,"afrobeats, azontobeats, dancehall, nigerian hip hop, nigerian pop",Burna Boy & Byron Messia
Equal Dirt,"alabama rap, atl trap, tennessee hip hop",Rylo Rodriguez
Meltdown,pop,Travis Scott Featuring Drake
FE!N,"hip hop, rap, slap house",Travis Scott Featuring Playboi Carti
I Know ?,"hip hop, rap, slap house",Travis Scott
Hyaena,"hip hop, rap, slap house",Travis Scott
Thank God,"hip hop, rap, slap house",Travis Scott
Topia Twins,"hip hop, rap, slap house",Travis Scott Featuring Rob49 & 21 Savage
My Eyes,"hip hop, rap, slap house",Travis Scott
Modern Jam,,Travis Scott Featuring Teezo Touchdown
Delresto (Echoes),"hip hop, rap, slap house",Travis Scott & Beyonce
Telekinesis,"hip hop, rap, slap house",Travis Scott Featuring SZA & Future
Sirens,"hip hop, rap, slap house",Travis Scott
God's Country,"hip hop, rap, slap house",Travis Scott
Skitzo,"hip hop, rap, slap house",Travis Scott Featuring Young Thug
Circus Maximus,"hip hop, rap, slap house",Travis Scott Featuring The Weeknd & Swae Lee
Til Further Notice,,Travis Scott Featuring James Blake & 21 Savage
In Your Love,"kentucky indie, kentucky roots, outlaw country",Tyler Childers
Lost Forever,"hip hop, rap, slap house",Travis Scott Featuring Westside Gunn
Looove,"hip hop, rap, slap house",Travis Scott Featuring Kid Cudi
Parasail,"hip hop, rap, slap house",Travis Scott Featuring Yung Lean & Dave Chappelle
Jealousy,"atl hip hop, hip hop, pop rap, rap, trap",Offset & Cardi B
Enough Is Enough,"dfw rap, melodic rap, pop, rap",Post Malone
Something Real,"dfw rap, melodic rap, pop, rap",Post Malone
On The Radar Freestyle,"canadian hip hop, canadian pop, hip hop, pop rap, rap",Drake & Central Cee
Too Cool To Die,"dfw rap, melodic rap, pop, rap",Post Malone
Don't Understand,"dfw rap, melodic rap, pop, rap",Post Malone
Aqui Te Espero,sad sierreno,Ivan Cornejo
Novacandy,"dfw rap, melodic rap, pop, rap",Post Malone
Paint The Town Red,"dance pop, pop",Doja Cat
Blank Space,pop,Taylor Swift
Good Good,"atl hip hop, contemporary r&b, dance pop, pop, r&b, rap, south carolina hip hop, urban contemporary",Usher| Summer Walker & 21 Savage
El Amor de Su Vida,musica chihuahuense,Grupo Frontera & Grupo Firme
Rich Men North Of Richmond,modern country pop,Oliver Anthony Music
Bad Idea Right?,pop,Olivia Rodrigo
Mi Ex Tenia Razon,"reggaeton, reggaeton colombiano, trap latino, urbano latino",Karol G
Qlona,,Karol G & Peso Pluma
Supposed To Be Loved,"hip hop, miami hip hop, pop rap, rap",DJ Khaled| Lil Baby| Future & Lil Uzi Vert
The Painter,"classic texas country, contemporary country, modern country pop",Cody Johnson
Una Noche En Medellin (Remix),"reggaeton, reggaeton colombiano, trap latino, urbano latino",Karol G| Cris Mj & Ryan Castro
Aint Gotta Dollar,modern country pop,Oliver Anthony Music
Oki Doki,"reggaeton, reggaeton colombiano, trap latino, urbano latino",Karol G
Pretty Little Poison,modern country pop,Warren Zeiders
Amargura,"reggaeton, reggaeton colombiano, trap latino, urbano latino",Karol G
Love Me Again,"j-division, korean ost",V
Mona Lisa,"alternative pop rock, pov: indie",Dominic Fike
Lose Control,,Teddy Swims
Call Your Friends,florida rap,Rod Wave
Standing Room Only,"contemporary country, country, country road",Tim McGraw
Barely Holdin' On,"chicago rap, rap",Polo G
F*ck U Thought,"chicago drill, chicago rap, drill, hip hop, rap, trap",Lil Durk
Summer Too Hot,"r&b, rap",Chris Brown
Burn; Burn; Burn,classic oklahoma country,Zach Bryan
I Remember Everything,classic oklahoma country,Zach Bryan Featuring Kacey Musgraves
Used To Be Young,pop,Miley Cyrus
Hey Driver,classic oklahoma country,Zach Bryan Featuring The War And Treaty
Spotless,classic oklahoma country,Zach Bryan Featuring The Lumineers
East Side Of Sorrow,classic oklahoma country,Zach Bryan
Single Soon,"pop, post-teen pop",Selena Gomez
Tourniquet,classic oklahoma country,Zach Bryan
Overtime,classic oklahoma country,Zach Bryan
Summertime's Close,classic oklahoma country,Zach Bryan
Fear And Friday's,classic oklahoma country,Zach Bryan
Ticking,classic oklahoma country,Zach Bryan
El Dorado,classic oklahoma country,Zach Bryan
Holy Roller,classic oklahoma country,Zach Bryan Featuring Sierra Ferrell
Smaller Acts,classic oklahoma country,Zach Bryan
Fear And Friday's (Poem),classic oklahoma country,Zach Bryan
Jake's Piano - Long Island,classic oklahoma country,Zach Bryan
Tradesman,classic oklahoma country,Zach Bryan
Oklahoman Son,classic oklahoma country,Zach Bryan
Sittin' On Top Of The World,"afrobeats, azontobeats, dancehall, nigerian hip hop, nigerian pop",Burna Boy
There I Go,"atl hip hop, dirty south rap, hip hop, pop rap, rap, southern hip hop, trap",Gucci Mane Featuring J. Cole & Mike WiLL Made-It
Primera Cita,"corrido, musica mexicana, sad sierreno, sierreno",Carin Leon
On My Mama,"alternative r&b, r&b",Victoria Monet
Last Time I Saw You,"hip pop, pop, queens hip hop, rap",Nicki Minaj
Margaritaville,trop rock,Jimmy Buffett
Demons,"dance pop, pop",Doja Cat
Come See Me,florida rap,Rod Wave
Que Onda,,Calle 24 x Chino Pacas x Fuerza Regida
SkeeYee,trap queen,Sexyy Red
Keep Going Up!,"dance pop, pop, pop rap",Timbaland| Nelly Furtado & Justin Timberlake
Get Him Back!,pop,Olivia Rodrigo
All-American Bitch,pop,Olivia Rodrigo
Bongos,"pop, rap",Cardi B & Megan Thee Stallion
The Grudge,pop,Olivia Rodrigo
Making The Bed,pop,Olivia Rodrigo
Logical,pop,Olivia Rodrigo
Lacy,pop,Olivia Rodrigo
Ballad Of A Homeschooled Girl,pop,Olivia Rodrigo
Love Is Embarrassing,pop,Olivia Rodrigo
Pretty Isn't Pretty,pop,Olivia Rodrigo
Teenage Dream,pop,Olivia Rodrigo
Slow Dancing,"j-division, korean ost",V
Bipolar,norteno-sax,Peso Pluma x Jasiel Nunez x Junior H
Slime You Out,"canadian hip hop, canadian pop, hip hop, pop rap, rap",Drake Featuring SZA
Turks & Caicos,florida rap,Rod Wave Featuring 21 Savage
Boyz Don't Cry,florida rap,Rod Wave
Great Gatsby,florida rap,Rod Wave
Greedy,pop,Tate McRae
Long Journey,florida rap,Rod Wave
Nostalgia,florida rap,Rod Wave & Wet
Crazy,florida rap,Rod Wave
HG4,florida rap,Rod Wave
Checkmate,florida rap,Rod Wave
Love For A Thug,florida rap,Rod Wave
2018,florida rap,Rod Wave & Sadie Jean
Keep It G,florida rap,Rod Wave
Pass You By,florida rap,Rod Wave
Love Story/Interlude,florida rap,Rod Wave
Back Lit,florida rap,Rod Wave
Another One Of Me,"dance pop, east coast hip hop, hip hop, hip pop, pop rap, rap",Diddy| French Montana & The Weeknd Featuring 21 Savage
Strangers,singer-songwriter pop,Kenya Grace
Rap Beef,florida rap,Rod Wave
Lil Boo Thang,indie r&b,Paul Russell
Sarah's Place,classic oklahoma country,Zach Bryan Featuring Noah Kahan
Agora Hills,"dance pop, pop",Doja Cat
Boys Of Faith,classic oklahoma country,Zach Bryan Featuring Bon Iver
Deep Satin,classic oklahoma country,Zach Bryan
Nine Ball,classic oklahoma country,Zach Bryan
El Jefe,"colombian pop, dance pop, latin pop, pop",Shakira X Fuerza Regida
500lbs,"melodic rap, pluggnb, rap",Lil Tecca
One More Time,"alternative metal, modern rock, pop punk, punk, rock, socal pop punk",blink-182
Un Preview,"reggaeton, trap latino, urbano latino",Bad Bunny
Pain; Sweet; Pain,classic oklahoma country,Zach Bryan
My Love Mine All Mine,"brooklyn indie, pov: indie",Mitski
Segun Quien,"latin pop, reggaeton, reggaeton colombiano, trap latino, urbano latino",Maluma & Carin Leon
HVN On Earth,"melodic rap, pluggnb, rap",Lil Tecca & Kodak Black
Can't Have Mine,"contemporary country, country road, modern country rock",Dylan Scott
3D,k-pop,Jung Kook & Jack Harlow
Better Place,"boy band, dance pop, pop",*NSYNC
Mamaw's House,"contemporary country, country, country road, modern country rock",Thomas Rhett Featuring Morgan Wallen
Water,,Tyla
Stick Season,pov: indie,Noah Kahan
Shaq & Kobe,"dirty south rap, gangster rap, hip hop, rap, southern hip hop, trap",Rick Ross & Meek Mill
Stars Like Confetti,"contemporary country, country, country road, modern country rock",Dustin Lynch
God Gave Me A Girl,"contemporary country, country, country road, modern country rock",Russell Dickerson
The Secret Recipe,"atl hip hop, melodic rap, rap, trap",Lil Yachty & J. Cole
First Person Shooter,"canadian hip hop, canadian pop, hip hop, pop rap, rap",Drake Featuring J. Cole
IDGAF,"canadian hip hop, canadian pop, hip hop, pop rap, rap",Drake Featuring Yeat
Virginia Beach,"canadian hip hop, canadian pop, hip hop, pop rap, rap",Drake
Calling For You,"canadian hip hop, canadian pop, hip hop, pop rap, rap",Drake Featuring 21 Savage
Daylight,"canadian hip hop, canadian pop, hip hop, pop rap, rap",Drake
Fear Of Heights,"canadian hip hop, canadian pop, hip hop, pop rap, rap",Drake
Rich Baby Daddy,"canadian hip hop, canadian pop, hip hop, pop rap, rap",Drake Featuring Sexyy Red & SZA
Gently,alt z,Drake Featuring Bad Bunny
Amen,,Drake Featuring Teezo Touchdown
7969 Santa,"canadian hip hop, canadian pop, hip hop, pop rap, rap",Drake
8am In Charlotte,"canadian hip hop, canadian pop, hip hop, pop rap, rap",Drake
What Would Pluto Do,"canadian hip hop, canadian pop, hip hop, pop rap, rap",Drake
Bahamas Promises,"canadian hip hop, canadian pop, hip hop, pop rap, rap",Drake
Tried Our Best,"canadian hip hop, canadian pop, hip hop, pop rap, rap",Drake
Members Only,"canadian hip hop, canadian pop, hip hop, pop rap, rap",Drake Featuring PARTYNEXTDOOR
All The Parties,"canadian hip hop, canadian pop, hip hop, pop rap, rap",Drake Featuring Chief Keef
Drew A Picasso,"canadian hip hop, canadian pop, hip hop, pop rap, rap",Drake
Another Late Night,"canadian hip hop, canadian pop, hip hop, pop rap, rap",Drake Featuring Lil Yachty
Away From Home,"canadian hip hop, canadian pop, hip hop, pop rap, rap",Drake
BBL Love Interlude,"canadian hip hop, canadian pop, hip hop, pop rap, rap",Drake
Polar Opposites,"canadian hip hop, canadian pop, hip hop, pop rap, rap",Drake
Screw The World Interlude,"canadian hip hop, canadian pop, hip hop, pop rap, rap",Drake
Wild Ones,"modern country pop, singer-songwriter pop",Jessie Murph & Jelly Roll
She Calls Me Back,pov: indie,Noah Kahan With Kacey Musgraves
Y Lloro,"corrido, corridos tumbados, musica mexicana, sad sierreno, sierreno",Junior H
Monaco,"reggaeton, trap latino, urbano latino",Bad Bunny
Fina,"reggaeton, trap latino, urbano latino",Bad Bunny & Young Miko
Perro Negro,"reggaeton, trap latino, urbano latino",Bad Bunny & Feid
Nadie Sabe,"reggaeton, trap latino, urbano latino",Bad Bunny
Hibiki,"reggaeton, trap latino, urbano latino",Bad Bunny & Mora
Mr. October,"reggaeton, trap latino, urbano latino",Bad Bunny
Cybertruck,"reggaeton, trap latino, urbano latino",Bad Bunny
Telefono Nuevo,"reggaeton, trap latino, urbano latino",Bad Bunny & Luar La L
Baby Nueva,"reggaeton, trap latino, urbano latino",Bad Bunny
Seda,"reggaeton, trap latino, urbano latino",Bad Bunny & Bryant Myers
Say My Grace,"atl hip hop, hip hop, pop rap, rap, trap",Offset Featuring Travis Scott
Gracias Por Nada,"reggaeton, trap latino, urbano latino",Bad Bunny
Vou 787,"reggaeton, trap latino, urbano latino",Bad Bunny
Mercedes Carota,"reggaeton, trap latino, urbano latino",Bad Bunny & YOVNGCHIMI
Los Pits,"reggaeton, trap latino, urbano latino",Bad Bunny
No Me Quiero Casar,"reggaeton, trap latino, urbano latino",Bad Bunny
Vuelve Candy B,"reggaeton, trap latino, urbano latino",Bad Bunny
Baticano,"reggaeton, trap latino, urbano latino",Bad Bunny
Thunder y Lightning,"reggaeton, trap latino, urbano latino",Bad Bunny & Eladio Carrion
Acho PR,"reggaeton, trap latino, urbano latino",Bad Bunny| Arcangel| De La Ghetto & Nengo Flow
Worth It,"atl hip hop, hip hop, pop rap, rap, trap",Offset & Don Toliver
Too Much,australian hip hop,The Kid LAROI| Jung Kook & Central Cee
Burn It Down,"classic texas country, contemporary country, modern country pop, texas country",Parker McCollum
One Of Your Girls,"australian pop, pop, viral pop",Troye Sivan
Is It Over Now? (Taylor's Version) [From The Vault],pop,Taylor Swift
Now That We Don't Talk (Taylor's Version) [From The Vault],pop,Taylor Swift
Slut! (Taylor's Version) [From The Vault],pop,Taylor Swift
Say Don't Go (Taylor's Version) [From The Vault],pop,Taylor Swift
Bad Blood (Taylor's Version),pop,Taylor Swift
Style (Taylor's Version),pop,Taylor Swift
Suburban Legends (Taylor's Version) [From The Vault],pop,Taylor Swift
Blank Space (Taylor's Version),pop,Taylor Swift
Welcome To New York (Taylor's Version),pop,Taylor Swift
Out Of The Woods (Taylor's Version),pop,Taylor Swift
Wildest Dreams (Taylor's Version),pop,Taylor Swift
All You Had To Do Was Stay (Taylor's Version),pop,Taylor Swift
Thriller,"r&b, soul",Michael Jackson
Shake It Off (Taylor's Version),pop,Taylor Swift
New Romantics (Taylor's Version),pop,Taylor Swift
Clean (Taylor's Version),pop,Taylor Swift
I Wish You Would (Taylor's Version),pop,Taylor Swift
I Know Places (Taylor's Version),pop,Taylor Swift
Monster Mash,"halloween, novelty","Bobby ""Boris"" Pickett And The Crypt-Kickers"
Wonderland (Taylor's Version),pop,Taylor Swift
How You Get The Girl (Taylor's Version),pop,Taylor Swift
This Is Halloween,halloween,The Citizens of Halloween
This Love (Taylor's Version),pop,Taylor Swift
You Are In Love (Taylor's Version),pop,Taylor Swift
Ghostbusters,theme,Ray Parker Jr.
World On Fire,"contemporary country, modern country pop",Nate Smith
Mr. Take Ya B*tch,,Lil Mabu & chriseanrock
Standing Next To You,k-pop,Jung Kook
Now And Then,"british invasion, classic rock, merseybeat, psychedelic rock, rock",The Beatles
Cobra,"houston rap, pop, r&b, rap, trap queen",Megan Thee Stallion
Harley Quinn,"corrido, corridos tumbados, sad sierreno, sierreno",Fuerza Regida & Marshmello
Can't Catch Me Now,pop,Olivia Rodrigo
Bleed,australian hip hop,The Kid LAROI
We Don't Fight Anymore,"contemporary country, country, country road",Carly Pearce Featuring Chris Stapleton
Lovin On Me,"deep underground hip hop, kentucky hip hop, pop rap, rap",Jack Harlow
Houdini,"dance pop, pop, uk pop",Dua Lipa
Northern Attitude,pov: indie,Noah Kahan With Hozier
LALALALA,"k-pop, k-pop boy group, pop",Stray Kids
Smurk Carter,"chicago drill, chicago rap, drill, hip hop, rap, trap",Lil Durk
Different 'Round Here,"contemporary country, country road, modern country pop, modern country rock",Riley Green Featuring Luke Combs
Better Than Ever,"baton rouge rap, rap",YoungBoy Never Broke Again & Rod Wave
Soak City (Do It),,310babii
You Broke My Heart,"canadian hip hop, canadian pop, hip hop, pop rap, rap",Drake
Evil Ways,"canadian hip hop, canadian pop, hip hop, pop rap, rap",Drake Featuring J. Cole
Exes,pop,Tate McRae
Red Button,"canadian hip hop, canadian pop, hip hop, pop rap, rap",Drake
The Shoe Fits,"canadian hip hop, canadian pop, hip hop, pop rap, rap",Drake
Stories About My Brother,"canadian hip hop, canadian pop, hip hop, pop rap, rap",Drake
Wick Man,"canadian hip hop, canadian pop, hip hop, pop rap, rap",Drake
Where The Wild Things Are,"contemporary country, country",Luke Combs
"I Swear; I Really Wanted To Make A ""Rap"" Album But...","atl hip hop, dirty south rap, hip hop, southern hip hop",Andre 3000
Surround Sound,"hip hop, pop rap, rap, underground hip hop",JID Featuring 21 Savage & Baby Tate
You're Losing Me (From The Vault),pop,Taylor Swift
Labios Mordidos,colombian pop,Kali Uchis & Karol G
My House,"pop, r&b",Beyonce
Everywhere; Everything,pov: indie,Noah Kahan With Gracie Abrams
Mmhmm,southern hip hop,BigXthaPlug
Feather,pop,Sabrina Carpenter
Everybody,"hip pop, pop, queens hip hop, rap",Nicki Minaj Featuring Lil Uzi Vert
Needle,"hip pop, pop, queens hip hop, rap",Nicki Minaj Featuring Drake
FTCU,"hip pop, pop, queens hip hop, rap",Nicki Minaj
Like It's Christmas,"boy band, pop",Jonas Brothers
Barbie Dangerous,"hip pop, pop, queens hip hop, rap",Nicki Minaj
Are You Gone Already,"hip pop, pop, queens hip hop, rap",Nicki Minaj
Let Me Calm Down,"hip pop, pop, queens hip hop, rap",Nicki Minaj Featuring J. Cole
Beep Beep,"hip pop, pop, queens hip hop, rap",Nicki Minaj
Run For The Hills,pop,Tate McRae
Big Difference,"hip pop, pop, queens hip hop, rap",Nicki Minaj
Fallin 4 U,"hip pop, pop, queens hip hop, rap",Nicki Minaj
RNB,"memphis hip hop, rap, southern hip hop, tennessee hip hop, trap",Nicki Minaj Featuring Lil Wayne & Tate Kobang
Pink Friday Girls,"hip pop, pop, queens hip hop, rap",Nicki Minaj
Cowgirl,"hip pop, pop, queens hip hop, rap",Nicki Minaj Featuring Lourdiz
Pink Birthday,"hip pop, pop, queens hip hop, rap",Nicki Minaj
Bahm Bahm,"hip pop, pop, queens hip hop, rap",Nicki Minaj
Bellakeo,"corridos tumbados, sad sierreno",Peso Pluma & Anitta
La Diabla,sad sierreno,Xavi
Jingle Bells,"contemporary country, country, country road, modern country rock",Meghan Trainor
Crazy,"atl hip hop, atl trap, rap, trap",Lil Baby
Never Lose Me,viral rap,Flo Milli
Lace It,"chicago rap, melodic rap, rap",Juice WRLD| Eminem & benny blanco
Mind On You,"modern country pop, texas country",George Birge
La Victima,sad sierreno,Xavi
Wondering Why,,The Red Clay Strays
DJ Play A Christmas Song,"dance pop, pop",Cher
Winter Wonderland,"classical, impressionism, neoclassicism, post-romantic era",Chloe
One Of The Girls,"canadian contemporary r&b, canadian pop, pop",The Weeknd| JENNIE & Lily Rose Depp
Mistletoe,"canadian pop, pop",Justin Bieber
I Saw Mommy Kissing Santa Claus,"motown, soul",Jackson 5
(There's No Place Like) Home For The Holidays (1954),"adult standards, easy listening, lounge",Perry Como With Mitchell Ayers And His Orchestra
I Can Feel It,"black americana, contemporary country, country, country road",Kane Brown
23,modern country pop,Chayce Beckham
Rompe La Dompe,"corridos tumbados, sad sierreno",Peso Pluma| Junior H & Oscar Maydon
Murder On The Dancefloor,"dance pop, europop, new wave pop",Sophie Ellis-Bextor
Wildflowers And Wild Horses,"contemporary country, modern country pop",Lainey Wilson
One Of The Girls,"canadian contemporary r&b, canadian pop, pop",The Weeknd| Jennie & Lily Rose Depp
Act II: Date @ 8,,4Batz
Coal,modern country pop,Dylan Gossett
When It Comes To You,,Fridayy
Where It Ends,"contemporary country, modern country pop",Bailey Zimmerman
IDGAF,"detroit hip hop, detroit trap, rap, southern hip hop, trap",Tee Grizzley| Mariah The Scientist & Chris Brown
