Song,Genre
All I Want For Christmas Is You by Mariah Carey,"dance pop, pop, urban contemporary"
Rockin' Around The Christmas Tree by Brenda Lee,"adult standards, lounge, rockabilly"
Jingle Bell Rock by Bobby Helms,
Last Christmas by Wham!,"new romantic, new wave pop, soft rock"
A Holly Jolly Christmas by Burl Ives,american folk revival
It's The Most Wonderful Time Of The Year by Andy Williams,"adult standards, easy listening"
Feliz Navidad by Jose Feliciano,"latin pop, puerto rican pop"
Anti-Hero by Taylor Swift,pop
"The Christmas Song (Merry Christmas To You) by Nat ""King"" Cole","adult standards, lounge, soul, swing, vocal jazz"
Unholy by Sam Smith & Kim Petras,"pop, uk pop"
Kill Bill by SZA,"pop, r&b, rap"
Santa Tell Me by Ariana Grande,pop
Sleigh Ride by The Ronettes,"brill building pop, classic girl group, motown, rock-and-roll"
Underneath The Tree by Kelly Clarkson,"dance pop, pop, talent show"
Christmas (Baby Please Come Home) by Darlene Love,
White Christmas by Bing Crosby With Ken Darby Singers & John Scott Trotter & His Orchestra,"adult standards, easy listening, lounge"
Deck The Halls by Nat King Cole,"adult standards, lounge, soul, swing, vocal jazz"
Let It Snow; Let It Snow; Let It Snow! by Dean Martin,"adult standards, easy listening, lounge, vocal jazz"
I'm Good (Blue) by David Guetta & Bebe Rexha,"big room, dance pop, edm, pop, pop dance"
Jingle Bells by Frank Sinatra With The Orchestra & Chorus Of Gordon Jenkins,"adult standards, easy listening, lounge"
Rich Flex by Drake & 21 Savage,"canadian hip hop, canadian pop, hip hop, pop rap, rap"
Creepin' by Metro Boomin| The Weeknd & 21 Savage,"hip hop, rap"
It's Beginning To Look A Lot Like Christmas by Perry Como And The Fontane Sisters With Mitchell Ayres And His Orchestra,"adult standards, easy listening, lounge"
Blue Christmas by Elvis Presley,"rock-and-roll, rockabilly"
It's Beginning To Look A Lot Like Christmas by Michael Buble,"adult standards, canadian pop, jazz pop, lounge"
Die For You by The Weeknd & Ariana Grande,"canadian contemporary r&b, canadian pop, pop"
Here Comes Santa Claus (Right Down Santa Claus Lane) by Gene Autry,"classic oklahoma country, cowboy western, traditional country, yodeling"
Rudolph The Red-Nosed Reindeer by Gene Autry & The Pinafores,"classic oklahoma country, cowboy western, traditional country, yodeling"
Little Saint Nick by The Beach Boys,"baroque pop, classic rock, folk rock, mellow gold, psychedelic rock, rock, singer-songwriter, sunshine pop"
Bad Habit by Steve Lacy,afrofuturism
As It Was by Harry Styles,pop
Run Rudolph Run by Chuck Berry,"blues, blues rock, classic rock, rock, rock-and-roll, rockabilly, soul"
Wonderful Christmastime by Paul McCartney,"classic rock, mellow gold, rock, soft rock"
Santa Claus Is Comin' To Town by Jackson 5,"motown, soul"
You're A Mean One; Mr. Grinch by Thurl Ravenscroft,movie tunes
Santa Baby by Eartha Kitt With Henri Rene And His Orchestra,"torch song, vocal jazz"
This Christmas by Donny Hathaway,"chicago soul, classic soul, funk, neo soul, quiet storm, soul, southern soul"
Cuff It by Beyonce,"pop, r&b"
Under The Influence by Chris Brown,"r&b, rap"
Happy Holiday / The Holiday Season by Andy Williams,"adult standards, easy listening"
(There's No Place Like) Home For The Holidays (1959) by Perry Como With Mitchell Ayers And His Orchestra,"adult standards, easy listening, lounge"
Something In The Orange by Zach Bryan,classic oklahoma country
Please Come Home For Christmas by Eagles,"album rock, classic rock, heartland rock, mellow gold, rock, soft rock, yacht rock"
Merry Christmas by Ed Sheeran & Elton John,"pop, singer-songwriter pop, uk pop"
Made You Look by Meghan Trainor,"hip pop, pop"
You Proof by Morgan Wallen,contemporary country
Happy Xmas (War Is Over) by John & Yoko/The Plastic Ono Band With The Harlem Community Choir,"classic rock, rock"
Have Yourself A Merry Little Christmas by Michael Buble,"adult standards, canadian pop, jazz pop, lounge"
Golden Hour by JVKE,"modern indie pop, pov: indie, singer-songwriter pop"
Christmastime Is Here by Vince Guaraldi Trio,jazz trio
Super Freaky Girl by Nicki Minaj,"hip pop, pop, queens hip hop, rap"
Shirt by SZA,"pop, r&b, rap"
Just Wanna Rock by Lil Uzi Vert,"hip hop, melodic rap, philly rap, rage rap, rap, trap"
Tomorrow 2 by GloRilla & Cardi B,southern hip hop
Superhero (Heroes & Villains) by Metro Boomin| Future & Chris Brown,"hip hop, rap"
Thank God by Kane Brown With Katelyn Brown,"black americana, contemporary country, country, country road"
Lift Me Up by Rihanna,"barbadian pop, pop, urban contemporary"
Until I Found You by Stephen Sanchez,gen z singer-songwriter
Nobody Gets Me by SZA,"pop, r&b, rap"
Someday At Christmas by Lizzo,"escape room, minnesota hip hop, pop, trap queen"
Rock And A Hard Place by Bailey Zimmerman,"contemporary country, modern country pop"
Gato de Noche by Nengo Flow & Bad Bunny,"reggaeton, trap latino, urbano latino"
Victoria's Secret by Jax,gen z singer-songwriter
Lavender Haze by Taylor Swift,pop
Low by SZA,"pop, r&b, rap"
Son Of A Sinner by Jelly Roll,"country rap, nashville hip hop, tennessee hip hop"
Blind by SZA,"pop, r&b, rap"
What My World Spins Around by Jordan Davis,contemporary country
Wait In The Truck by HARDY Featuring Lainey Wilson,"contemporary country, modern country pop"
Going; Going; Gone by Luke Combs,"contemporary country, country"
Heart Like A Truck by Lainey Wilson,"contemporary country, modern country pop"
Last Christmas by Lauren Spencer Smith,"alt z, gen z singer-songwriter, singer-songwriter pop"
Blue Christmas by Kane Brown,"rock-and-roll, rockabilly"
Snooze by SZA,"pop, r&b, rap"
Escapism by RAYE Featuring 070 Shake,"uk contemporary r&b, uk pop"
Santa; Can't You Hear Me by Kelly Clarkson & Ariana Grande,"dance pop, pop, talent show"
Love Language by SZA,"pop, r&b, rap"
Star Walkin' (League Of Legends Worlds Anthem) by Lil Nas X,lgbtq+ hip hop
Calm Down by Rema & Selena Gomez,"afrobeats, nigerian pop"
Whiskey On You by Nate Smith,"contemporary country, modern country pop"
Seek & Destroy by SZA,"pop, r&b, rap"
Hold Me Closer by Elton John & Britney Spears,"glam rock, mellow gold, piano rock, rock"
Que Vuelvas by Carin Leon X Grupo Frontera,musica chihuahuense
Too Many Nights by Metro Boomin Featuring Don Toliver & Future,"hip hop, rap"
Spin Bout U by Drake & 21 Savage,"canadian hip hop, canadian pop, hip hop, pop rap, rap"
Used by SZA Featuring Don Toliver,"contemporary country, country"
Romantic Homicide by d4vd,bedroom pop
Circo Loco by Drake & 21 Savage,"canadian hip hop, canadian pop, hip hop, pop rap, rap"
Ghost In The Machine by SZA Featuring Phoebe Bridgers,"pop, r&b, rap"
Down Home by Jimmie Allen,"black americana, contemporary country, country road, modern country rock"
Bebe Dame by Fuerza Regida X Grupo Frontera,"corrido, corridos tumbados, sad sierreno, sierreno"
Special by SZA,"pop, r&b, rap"
No Se Va by Grupo Frontera,musica chihuahuense
Kid On Christmas by Pentatonix Featuring Meghan Trainor,"a cappella, viral pop"
One Thing At A Time by Morgan Wallen,contemporary country
Pick Me Up by Gabby Barrett,contemporary country
SOS by SZA,"pop, r&b, rap"
Forget Me by Lewis Capaldi,"pop, uk pop"
La Jumpa by Arcangel & Bad Bunny,"latin hip hop, reggaeton, trap latino, urbano latino"
Gone Girl by SZA,"pop, r&b, rap"
I Like You (A Happier Song) by Post Malone Featuring Doja Cat,"dfw rap, melodic rap, pop, rap"
Wasted On You by Morgan Wallen,contemporary country
About Damn Time by Lizzo,"escape room, minnesota hip hop, pop, trap queen"
Wait For U by Future Featuring Drake & Tems,"atl hip hop, hip hop, rap, southern hip hop, trap"
Sunroof by Nicky Youre & dazy,singer-songwriter pop
I Ain't Worried by OneRepublic,"piano rock, pop"
Vegas by Doja Cat,"dance pop, pop"
Thought You Should Know by Morgan Wallen,contemporary country
The Kind Of Love We Make by Luke Combs,"contemporary country, country"
She Had Me At Heads Carolina by Cole Swindell,"contemporary country, country, country road, modern country rock"
Unstoppable by Sia,"australian dance, australian pop, pop"
Fall In Love by Bailey Zimmerman,"contemporary country, modern country pop"
Jimmy Cooks by Drake Featuring 21 Savage,"canadian hip hop, canadian pop, hip hop, pop rap, rap"
Hotel Lobby (Unc And Phew) by Quavo & Takeoff,"atl hip hop, melodic rap, rap, trap"
Tennessee Orange by Megan Moroney,"contemporary country, modern country pop"
What He Didn't Do by Carly Pearce,"contemporary country, country, country road"
Bloody Mary by Lady Gaga,"art pop, dance pop, pop"
Handle On You by Parker McCollum,"classic texas country, contemporary country, modern country pop, texas country"
Snap by Rosa Linn,alt z
Freestyle by Lil Baby,"atl hip hop, atl trap, rap, trap"
Half Of Me by Thomas Rhett Featuring Riley Green,"contemporary country, country, country road, modern country rock"
Wild As Her by Corey Kent,"modern country pop, texas country"
Billie Eilish. by Armani White,indie hip hop
Bejeweled by Taylor Swift,pop
La Bachata by Manuel Turizo,"colombian pop, latin pop, reggaeton, reggaeton colombiano, trap latino, urbano latino"
Heyy by Lil Baby,"atl hip hop, atl trap, rap, trap"
Open Arms by SZA Featuring Travis Scott,"pop, r&b, rap"
Niagara Falls (Foot Or 2) by Metro Boomin| Travis Scott & 21 Savage,"hip hop, rap"
The Color Violet by Tory Lanez,"canadian hip hop, canadian trap, melodic rap, pop rap, r&b, rap, trap"
Here With Me by d4vd,bedroom pop
California Breeze by Lil Baby,"atl hip hop, atl trap, rap, trap"
Love You Better by Future,"atl hip hop, hip hop, rap, southern hip hop, trap"
Pussy & Millions by Drake & 21 Savage Featuring Travis Scott,"canadian hip hop, canadian pop, hip hop, pop rap, rap"
Out In The Middle by Zac Brown Band,"contemporary country, country, country road, modern country rock"
On BS by Drake & 21 Savage,"canadian hip hop, canadian pop, hip hop, pop rap, rap"
Shut Up My Moms Calling by Hotel Ugly,modern indie pop
Midnight Rain by Taylor Swift,pop
Players by Coi Leray,"new jersey underground rap, trap queen"
Major Distribution by Drake & 21 Savage,"canadian hip hop, canadian pop, hip hop, pop rap, rap"
Notice Me by SZA,"pop, r&b, rap"
Sure Thing by Miguel,"r&b, urban contemporary"
Black by YoungBoy Never Broke Again,"baton rouge rap, rap"
Miss You by Oliver Tree & Robin Schulz,alternative hip hop
Ditto by NewJeans,"k-pop, k-pop girl group"
That's What Tequila Does by Jason Aldean,"contemporary country, country, country road, modern country rock"
You Didn't by Brett Young,"contemporary country, country, country road, modern country rock"
Flowers by Miley Cyrus,pop
Bzrp Music Sessions; Vol. 53 by Bizarrap & Shakira,"argentine hip hop, pop venezolano, trap argentino, trap latino, urbano latino"
On Wat U On by Moneybagg Yo x GloRilla,"memphis hip hop, rap, southern hip hop, tennessee hip hop, trap"
Nonsense by Sabrina Carpenter,pop
Vibe by TAEYANG Featuring Jimin,"k-pop, korean r&b"
Monotonia by Shakira + Ozuna,"colombian pop, dance pop, latin pop, pop"
OMG by NewJeans,"k-pop, k-pop girl group"
Human by Cody Johnson,"classic texas country, contemporary country, modern country pop"
Heart To Heart by Mac DeMarco,"edmonton indie, lo-fi indie, pov: indie"
King Snipe by Gucci Mane & Kodak Black,"atl hip hop, dirty south rap, hip hop, pop rap, rap, southern hip hop, trap"
Knight Crawler by Trippie Redd & Juice WRLD,"melodic rap, rap, trap"
Red by HARDY Featuring Morgan Wallen,"contemporary country, modern country pop"
10:35 by Tiesto Featuring Tate McRae,"big room, brostep, dutch edm, edm, house, pop dance, slap house, trance"
I Wish You Roses by Kali Uchis,colombian pop
Gangsta Boo by Ice Spice & Lil Tjay,bronx drill
Moonlight Sunrise by TWICE,"k-pop, k-pop girl group, pop"
Fully Loaded by Trippie Redd| Future & Lil Baby,"melodic rap, rap, trap"
Krzy Train by Trippie Redd & Travis Scott,"melodic rap, rap, trap"
Next Thing You Know by Jordan Davis,contemporary country
AMG by Gabito Ballesteros| Peso Pluma & Natanael Cano,"corrido, corridos tumbados, musica mexicana, sad sierreno, sierreno"
Do It Again by NLE Choppa & 2Rare,"memphis hip hop, rap"
Back End by Finesse2Tymes,memphis hip hop
Spit In My Face! by ThxSoMch,bedroom r&b
Last Night by Morgan Wallen,contemporary country
Love Again by The Kid LAROI,australian hip hop
Dawns by Zach Bryan Featuring Maggie Rogers,classic oklahoma country
I Wrote The Book by Morgan Wallen,contemporary country
Everything I Love by Morgan Wallen,contemporary country
Growin' Up And Gettin' Old by Luke Combs,"contemporary country, country"
I'm Not Here To Make Friends by Sam Smith,"pop, uk pop"
The Black Seminole. by Lil Yachty,"atl hip hop, melodic rap, rap, trap"
Fin de Semana by Junior H X Oscar Maydon,"corrido, corridos tumbados, sierreno"
Tennessee Fan by Morgan Wallen,contemporary country
Hey Mor by Ozuna Featuring Feid,"puerto rican pop, reggaeton, trap latino, urbano latino"
Never Gonna Not Dance Again by P!nk,"dance pop, pop"
Dancin' In The Country by Tyler Hubbard,"contemporary country, modern country pop"
Boy's A Liar; Pt. 2 by PinkPantheress & Ice Spice,bedroom pop
X Si Volvemos by Karol G x Romeo Santos,"reggaeton, reggaeton colombiano, trap latino, urbano latino"
PRC by Peso Pluma X Natanael Cano,
Watch The World Burn by Falling In Reverse,"alternative metal, pop punk, rap metal"
In Ha Mood by Ice Spice,bronx drill
Yandel 150 by Yandel & Feid,"latin hip hop, reggaeton, trap latino, urbano latino"
Love You Anyway by Luke Combs,"contemporary country, country"
Umbrella by Rihanna Featuring Jay-Z,swedish electropop
Lost by Linkin Park,"alternative metal, nu metal, post-grunge, rap metal, rock"
Diamonds by Rihanna,"barbadian pop, pop, urban contemporary"
We Found Love by Rihanna Featuring Calvin Harris,"barbadian pop, pop, urban contemporary"
Special by Lizzo Featuring SZA,"pop, r&b, rap"
Fix'n To Break by Bailey Zimmerman,"contemporary country, modern country pop"
Forever by Lil Baby Featuring Fridayy,"atl hip hop, atl trap, rap, trap"
Painting Pictures by Superstar Pride,southern hip hop
Hope by NF,"hip hop, pop rap"
Favorite Song by Toosii,north carolina hip hop
Watch This (ARIZONATEARS Pluggnb Remix) by Lil Uzi Vert,"hip hop, melodic rap, philly rap, rage rap, rap, trap"
Heaven by Niall Horan,pop
No Time Wasted by Polo G & Future,"chicago rap, rap"
Ceilings by Lizzy McAlpine,"alt z, boston folk, indie pop, singer-songwriter pop"
Trance by Metro Boomin| Travis Scott & Young Thug,"hip hop, rap"
Lottery by Latto Featuring LU KALA,trap queen
Trustfall by P!nk,"dance pop, pop"
Slut Me Out by NLE Choppa,"memphis hip hop, rap"
Gold by Dierks Bentley,"contemporary country, country, country road, modern country rock"
TQG by Karol G x Shakira,"reggaeton, reggaeton colombiano, trap latino, urbano latino"
Kant Nobody by Lil Wayne Featuring DMX,"hip hop, new orleans rap, pop rap, rap, trap"
Mientras Me Curo del Cora by Karol G,"reggaeton, reggaeton colombiano, trap latino, urbano latino"
Gucci Los Panos by Karol G,"reggaeton, reggaeton colombiano, trap latino, urbano latino"
Private Landing by Don Toliver Featuring Justin Bieber & Future,"pop rap, rap, trap"
Tus Gafitas by Karol G,"reggaeton, reggaeton colombiano, trap latino, urbano latino"
Gatubela by Karol G x Maldy,"reggaeton, reggaeton colombiano, trap latino, urbano latino"
No More Talk by Yeat,"pluggnb, rage rap"
Split by Yeat,"pluggnb, rage rap"
Cairo by Karol G & Ovy On The Drums,"reggaeton, reggaeton colombiano, trap latino, urbano latino"
Shmunk by Yeat Featuring YoungBoy Never Broke Again,"pluggnb, rage rap"
Pero Tu by Karol G & Quevedo,"reggaeton, reggaeton colombiano, trap latino, urbano latino"
Dirt by Key Glock,"memphis hip hop, rap, southern hip hop, tennessee hip hop, trap"
Joe by Luke Combs,"contemporary country, country"
Ojos Ferrari by Karol G| Justin Quiles & Angel Dior,"reggaeton, reggaeton colombiano, trap latino, urbano latino"
Besties by Karol G,"reggaeton, reggaeton colombiano, trap latino, urbano latino"
Manana Sera Bonito by Karol G & Carla Morrison,"reggaeton, reggaeton colombiano, trap latino, urbano latino"
Die 4 Me by Halsey,"electropop, etherpop, indie poptimism, pop"
Thinkin' Bout Me by Morgan Wallen,contemporary country
Ain't That Some by Morgan Wallen,contemporary country
Red Ruby Da Sleeze by Nicki Minaj,"hip pop, pop, queens hip hop, rap"
Man Made A Bar by Morgan Wallen Featuring Eric Church,contemporary country
'98 Braves by Morgan Wallen,contemporary country
Devil Don't Know by Morgan Wallen,contemporary country
Sunrise by Morgan Wallen,contemporary country
Born With A Beer In My Hand by Morgan Wallen,contemporary country
Whiskey Friends by Morgan Wallen,contemporary country
Tennessee Numbers by Morgan Wallen,contemporary country
Cowgirls by Morgan Wallen Featuring ERNEST,contemporary country
Hope That's True by Morgan Wallen,contemporary country
Dying Man by Morgan Wallen,contemporary country
Keith Whitley by Morgan Wallen,contemporary country
In The Bible by Morgan Wallen Featuring HARDY,contemporary country
Neon Star (Country Boy Lullaby) by Morgan Wallen,contemporary country
Me + All Your Reasons by Morgan Wallen,contemporary country
I Deserve A Drink by Morgan Wallen,contemporary country
F150-50 by Morgan Wallen,contemporary country
Single Than She Was by Morgan Wallen,contemporary country
Wine Into Water by Morgan Wallen,contemporary country
On The Street by j-hope With J. Cole,"k-pop, k-rap"
Days That End In Why by Morgan Wallen,contemporary country
180 (Lifestyle) by Morgan Wallen,contemporary country
Last Drive Down Main by Morgan Wallen,contemporary country
Good Girl Gone Missin' by Morgan Wallen,contemporary country
Me To Me by Morgan Wallen,contemporary country
Money On Me by Morgan Wallen,contemporary country
Had It by Morgan Wallen,contemporary country
Outlook by Morgan Wallen,contemporary country
Don't Think Jesus by Morgan Wallen,contemporary country
River by Miley Cyrus,pop
Jaded by Miley Cyrus,pop
Thousand Miles by Miley Cyrus Featuring Brandi Carlile,"lilith, neo mellow, piano rock, pop rock, post-teen pop"
Rose Colored Lenses by Miley Cyrus,pop
Por Las Noches by Peso Pluma,"corridos tumbados, sad sierreno"
All Of The Girls You Loved Before by Taylor Swift,pop
Ella Baila Sola by Eslabon Armado X Peso Pluma,
Set Me Free; Pt. 2 by Jimin,k-pop
5 Leaf Clover by Luke Combs,"contemporary country, country"
Eat Your Young by Hozier,"irish singer-songwriter, modern rock, pov: indie"
La Bebe by Yng Lvcas x Peso Pluma,"reggaeton, urbano mexicano"
El Gordo Trae El Mando by Chino Pacas,"corrido, corridos tumbados, sierreno"
Coco Chanel by Eladio Carrion & Bad Bunny,"trap boricua, trap latino, trap triste, urbano latino"
ICU by Coco Jones,
Moonlight by Kali Uchis,colombian pop
Death by Melanie Martinez,"alt z, electropop, pop"
Nasty by Russ,"hawaiian hip hop, pop rap"
Cupid by Fifty Fifty,k-pop girl group
Like Crazy by Jimin,k-pop
Eyes Closed by Ed Sheeran,"pop, singer-songwriter pop, uk pop"
Fast Car by Luke Combs,"contemporary country, country"
Low Down by Lil Baby,"atl hip hop, atl trap, rap, trap"
Beso by Rosalia & Rauw Alejandro,"pop, r&b en espanol"
Don't Play With It by Lola Brooke X Latto X Yung Miami Or Featuring Billy B,trap queen
Dogtooth by Tyler| The Creator,"hip hop, rap"
The Light by Juice WRLD,"chicago rap, melodic rap, rap"
Ch y La Pizza by Fuerza Regida X Natanael Cano,"corrido, corridos tumbados, sad sierreno, sierreno"
Memory Lane by Old Dominion,"contemporary country, country, country road, modern country rock"
Fight The Feeling by Rod Wave,florida rap
Sorry Not Sorry by Tyler| The Creator,"hip hop, rap"
Void by Melanie Martinez,"alt z, electropop, pop"
Need A Favor by Jelly Roll,"country rap, nashville hip hop, tennessee hip hop"
WHARF TALK by Tyler| The Creator Featuring A$AP Rocky,
I Know by Kanii,"bedroom r&b, sped up"
Hot Boy by Nardo Wick Featuring Lil Baby,"florida drill, florida rap, southern hip hop"
Search & Rescue by Drake,"canadian hip hop, canadian pop, hip hop, pop rap, rap"
Happy by NF,"hip hop, pop rap"
Strike (Holster) by Lil Yachty,"atl hip hop, melodic rap, rap, trap"
Peaches by Jack Black,"comedy rock, comic"
Careful by NF & Cordae,"hip hop, pop rap"
El Azul by Junior H x Peso Pluma,"corrido, corridos tumbados, musica mexicana, sad sierreno, sierreno"
Never Felt So Alone by Labrinth,"indie poptimism, pop"
WTF by YoungBoy Never Broke Again Featuring Nicki Minaj,"florida drill, florida rap"
Princess Diana by Ice Spice & Nicki Minaj,bronx drill
Chemical by Post Malone,"dfw rap, melodic rap, pop, rap"
Un x100to by Grupo Frontera X Bad Bunny,musica chihuahuense
Daylight by David Kushner,"gen z singer-songwriter, singer-songwriter pop"
See You Again by Tyler| The Creator Featuring Kali Uchis,"hip hop, rap"
Chanel by Becky G & Peso Pluma,"latin pop, latin viral pop, rap latina, reggaeton, trap latino, urbano latino"
Igualito A Mi Apa by Fuerza Regida & Peso Pluma,"corrido, corridos tumbados, sad sierreno, sierreno"
Di Que Si by Grupo Marca Registrada X Grupo Frontera,"corrido, norteno, sad sierreno"
It Matters To Her by Scotty McCreery,"contemporary country, country, country road, modern country rock"
Double Fantasy by The Weeknd Featuring Future,"canadian contemporary r&b, canadian pop, pop"
Alone by Kim Petras Featuring Nicki Minaj,"alt z, pop, transpop"
Haegeum by Agust D,k-rap
Karma by Taylor Swift Featuring Ice Spice,pop
Fragil by Yahritza y Su Esencia x Grupo Frontera,sad sierreno
Big Truck by YoungBoy Never Broke Again,"baton rouge rap, rap"
They Don't Love It by Jack Harlow,"deep underground hip hop, kentucky hip hop, pop rap, rap"
Wreckage by Nate Smith,"contemporary country, modern country pop"
Waffle House by Jonas Brothers,"boy band, pop"
People by Libianca,afrobeats
Common Ground by Jack Harlow,"deep underground hip hop, kentucky hip hop, pop rap, rap"
Area Codes by Kaliii,"rap, viral rap"
Go Hard by Lil Baby,"atl hip hop, atl trap, rap, trap"
Religiously by Bailey Zimmerman,"contemporary country, modern country pop"
Mejor Que Yo by Anuel AA| Mambo Kingz & DJ Luian,"reggaeton, reggaeton flow, trap boricua, trap latino, urbano latino"
You; Me; & Whiskey by Justin Moore & Priscilla Block,"arkansas country, contemporary country, country, country road, modern country rock"
Mathematical Disrespect by Lil Mabu,
Shake Sumn by DaBaby,"hip hop, north carolina hip hop, pop rap, rap, trap"
Curtains by Ed Sheeran,"pop, singer-songwriter pop, uk pop"
What It Is (Block Boy) by Doechii Featuring Kodak Black,alternative r&b
All My Life by Lil Durk Featuring J. Cole,"contemporary r&b, r&b, urban contemporary"
Bitch Let's Do It by YoungBoy Never Broke Again,"baton rouge rap, rap"
Life Goes On by Ed Sheeran Featuring Luke Combs,"atl hip hop, atl trap, rap, trap"
Acrostico by Shakira,"colombian pop, dance pop, latin pop, pop"
Bury Me In Georgia by Kane Brown,"black americana, contemporary country, country, country road"
F**k The Industry Pt. 2 by YoungBoy Never Broke Again,"baton rouge rap, rap"
Everything She Ain't by Hailey Whitters,"contemporary country, country pop, modern country pop"
Your Heart Or Mine by Jon Pardi,"contemporary country, country, country road, modern country rock"
I Heard by YoungBoy Never Broke Again,"baton rouge rap, rap"
Where She Goes by Bad Bunny,"reggaeton, trap latino, urbano latino"
TQM by Fuerza Regida,"corrido, corridos tumbados, sad sierreno, sierreno"
Mourning by Post Malone,"dfw rap, melodic rap, pop, rap"
America Has A Problem by Beyonce Featuring Kendrick Lamar,"pop, r&b"
Cruel Summer by Taylor Swift,pop
Say Yes To Heaven by Lana Del Rey,"art pop, pop"
To Summer; From Cole (Audio Hug) by Summer Walker & J. Cole,"r&b, rap"
Angel; Pt. 1 by Kodak Black| NLE Choppa| Jimin| JVKE & Muni Long,"florida drill, florida rap, melodic rap, miami hip hop, rap, trap, trap latino"
You by Dan + Shay,"contemporary country, country, country road"
Baby Don't Hurt Me by David Guetta| Anne-Marie & Coi Leray,"big room, dance pop, edm, pop, pop dance"
Stand By Me by Lil Durk Featuring Morgan Wallen,"chicago drill, chicago rap, drill, hip hop, rap, trap"
Hits Different by Taylor Swift,pop
Snow On The Beach by Taylor Swift Featuring Lana Del Rey,pop
Pelle Coat by Lil Durk,"chicago drill, chicago rap, drill, hip hop, rap, trap"
War Bout It by Lil Durk Featuring 21 Savage,"chicago drill, chicago rap, drill, hip hop, rap, trap"
Dance The Night by Dua Lipa,"dance pop, pop, uk pop"
Bye by Peso Pluma,"corridos tumbados, sad sierreno"
Never Imagined by Lil Durk Featuring Future,"chicago drill, chicago rap, drill, hip hop, rap, trap"
Never Again by Lil Durk,"chicago drill, chicago rap, drill, hip hop, rap, trap"
Pound Town 2 by Sexyy Red & Tay Keith & Nicki Minaj,trap queen
Big Dawg by Lil Durk & Chief Wuk,"chicago drill, chicago rap, drill, hip hop, rap, trap"
Cross The Globe by Lil Durk Featuring Juice WRLD,"chicago drill, chicago rap, drill, hip hop, rap, trap"
Put Em On Ice by Lil Durk,"chicago drill, chicago rap, drill, hip hop, rap, trap"
300 Urus by Lil Durk,"chicago drill, chicago rap, drill, hip hop, rap, trap"
Sad Songs by Lil Durk,"chicago drill, chicago rap, drill, hip hop, rap, trap"
Grandson by Lil Durk Featuring Kodak Black,"modern alternative rock, modern rock, rock"
Before Fajr by Lil Durk,"chicago drill, chicago rap, drill, hip hop, rap, trap"
B12 by Lil Durk,"chicago drill, chicago rap, drill, hip hop, rap, trap"
You Got Em by Lil Durk,"chicago drill, chicago rap, drill, hip hop, rap, trap"
Put It On Da Floor Again by Latto Featuring Cardi B,trap queen
Bzrp Music Sessions; Vol. 55 by Bizarrap & Peso Pluma,"argentine hip hop, pop venezolano, trap argentino, trap latino, urbano latino"
Calling by Metro Boomin| Swae Lee & NAV Featuring A Boogie Wit da Hoodie,"hip hop, rap"
Popular by The Weeknd| Playboi Carti & Madonna,"canadian contemporary r&b, canadian pop, pop"
Annihilate by Metro Boomin| Swae Lee| Lil Wayne & Offset,"hip hop, rap"
Bread & Butter by Gunna,"atl hip hop, melodic rap, rap, trap"
Am I Dreaming by Metro Boomin| A$AP Rocky & Roisee,"hip hop, rap"
Keep It Low by Moneybagg Yo Featuring Future,"memphis hip hop, rap, southern hip hop, tennessee hip hop, trap"
All The Way Live by Metro Boomin| Future & Lil Uzi Vert,"hip hop, rap"
Self Love by Metro Boomin & Coi Leray,"hip hop, rap"
Ocean Spray by Moneybagg Yo,"memphis hip hop, rap, southern hip hop, tennessee hip hop, trap"
Save Me by Jelly Roll With Lainey Wilson,"country rap, nashville hip hop, tennessee hip hop"
Hummingbird by Metro Boomin & James Blake,"hip hop, rap"
Peaches & Eggplants by Young Nudy Featuring 21 Savage,"pluggnb, rap, trap"
Danger (Spider) by Offset & JID,"atl hip hop, hip hop, pop rap, rap, trap"
Dial Drunk by Noah Kahan With Post Malone,pov: indie
Take Two by BTS,"k-pop, k-pop boy group, pop"
Plebada by El Alfa x Peso Pluma,"dembow, rap dominicano, trap latino, urbano latino"
Truck Bed by HARDY,"contemporary country, modern country pop"
The Hillbillies by Baby Keem & Kendrick Lamar,"hip hop, rap"
Fukumean by Gunna,"atl hip hop, melodic rap, rap, trap"
Back To The Moon by Gunna,"atl hip hop, melodic rap, rap, trap"
Attention by Doja Cat,"dance pop, pop"
Rodeo Dr by Gunna,"atl hip hop, melodic rap, rap, trap"
Back At It by Gunna,"atl hip hop, melodic rap, rap, trap"
Ca$h $hit by Gunna,"atl hip hop, melodic rap, rap, trap"
Bottom by Gunna,"atl hip hop, melodic rap, rap, trap"
IDK NoMore by Gunna,"atl hip hop, melodic rap, rap, trap"
P Angels by Gunna,"atl hip hop, melodic rap, rap, trap"
Paybach by Gunna,"atl hip hop, melodic rap, rap, trap"
Go Crazy by Gunna,"atl hip hop, melodic rap, rap, trap"
Girl In Mine by Parmalee,"contemporary country, country road, modern country rock, modern uplift"
Classy 101 by Feid x Young Miko,"colombian pop, pop reggaeton, reggaeton, reggaeton colombiano, trap latino, urbano latino"
Bluffin by Gucci Mane & Lil Baby,"atl hip hop, dirty south rap, hip hop, pop rap, rap, southern hip hop, trap"
Barbie World by Nicki Minaj & Ice Spice With Aqua,"hip pop, pop, queens hip hop, rap"
Oh U Went by Young Thug Featuring Drake,"atl hip hop, atl trap, gangster rap, melodic rap, rap, trap"
Sabor Fresa by Fuerza Regida,"corrido, corridos tumbados, sad sierreno, sierreno"
Luna by Peso Pluma & Junior H,"corridos tumbados, sad sierreno"
Lady Gaga by Peso Pluma| Gabito Ballesteros & Junior H,"corridos tumbados, sad sierreno"
Parade On Cleveland by Young Thug Featuring Drake,"atl hip hop, atl trap, gangster rap, melodic rap, rap, trap"
Cars Bring Me Out by Young Thug Featuring Future,"atl hip hop, atl trap, gangster rap, melodic rap, rap, trap"
VVS by Peso Pluma| Edgardo Nunez & Los Dareyes de La Sierra,"corridos tumbados, sad sierreno"
Wit Da Racks by Young Thug Featuring 21 Savage| Travis Scott & Yak Gotti,"atl hip hop, atl trap, gangster rap, melodic rap, rap, trap"
Doomsday. by Juice WRLD & Cordae,
Want Me Dead by Young Thug Featuring 21 Savage,pluggnb
Rubicon by Peso Pluma,"corridos tumbados, sad sierreno"
Hellcat Kenny by Young Thug Featuring Lil Uzi Vert,chicago rap
Money On The Dresser by Young Thug,"atl hip hop, atl trap, gangster rap, melodic rap, rap, trap"
Uncle M by Young Thug,"atl hip hop, atl trap, gangster rap, melodic rap, rap, trap"
Nueva Vida by Peso Pluma,"corridos tumbados, sad sierreno"
Watermelon Moonshine by Lainey Wilson,"contemporary country, modern country pop"
Lagunas by Peso Pluma & Jasiel Nunez,"corridos tumbados, sad sierreno"
Rosa Pastel by Peso Pluma & Jasiel Nunez,"corridos tumbados, sad sierreno"
Abracadabra by Young Thug Featuring Travis Scott,"atl hip hop, atl trap, gangster rap, melodic rap, rap, trap"
Gucci Grocery Bag by Young Thug,"atl hip hop, atl trap, gangster rap, melodic rap, rap, trap"
Vampire by Olivia Rodrigo,pop
Flooded The Face by Lil Uzi Vert,"hip hop, melodic rap, philly rap, rage rap, rap, trap"
Endless Fashion by Lil Uzi Vert Featuring Nicki Minaj,"hip hop, melodic rap, philly rap, rage rap, rap, trap"
Suicide Doors by Lil Uzi Vert,"hip hop, melodic rap, philly rap, rage rap, rap, trap"
Aye by Lil Uzi Vert Featuring Travis Scott,"hip hop, melodic rap, philly rap, rage rap, rap, trap"
Tulum by Peso Pluma & Grupo Frontera,"corridos tumbados, sad sierreno"
I Gotta by Lil Uzi Vert,"hip hop, melodic rap, philly rap, rage rap, rap, trap"
Party In The U.S.A. by Miley Cyrus,pop
Spin Again by Lil Uzi Vert,"hip hop, melodic rap, philly rap, rage rap, rap, trap"
Crush Em by Lil Uzi Vert,"hip hop, melodic rap, philly rap, rage rap, rap, trap"
X2 by Lil Uzi Vert,"hip hop, melodic rap, philly rap, rage rap, rap, trap"
Mojabi Ghost by Tainy & Bad Bunny,"pop reggaeton, reggaeton, trap latino, urbano latino"
Pluto To Mars by Lil Uzi Vert,"hip hop, melodic rap, philly rap, rage rap, rap, trap"
Mama; I'm Sorry by Lil Uzi Vert,"hip hop, melodic rap, philly rap, rage rap, rap, trap"
Amped by Lil Uzi Vert,"hip hop, melodic rap, philly rap, rage rap, rap, trap"
Patience by Lil Uzi Vert Featuring Don Toliver,"hip hop, melodic rap, philly rap, rage rap, rap, trap"
Nakamura by Lil Uzi Vert,"hip hop, melodic rap, philly rap, rage rap, rap, trap"
All Alone by Lil Uzi Vert,"hip hop, melodic rap, philly rap, rage rap, rap, trap"
Died And Came Back by Lil Uzi Vert,"hip hop, melodic rap, philly rap, rage rap, rap, trap"
Werewolf by Lil Uzi Vert Featuring Bring Me The Horizon,"hip hop, melodic rap, philly rap, rage rap, rap, trap"
Zoom by Lil Uzi Vert,"hip hop, melodic rap, philly rap, rage rap, rap, trap"
That Fiya by Lil Uzi Vert,"hip hop, melodic rap, philly rap, rage rap, rap, trap"
We Didn't Start The Fire by Fall Out Boy,"emo, modern rock, pop, rock"
I Can See You (Taylor's Version) (From The Vault) by Taylor Swift,pop
Mine (Taylor's Version) by Taylor Swift,pop
Back To December (Taylor's Version) by Taylor Swift,pop
Enchanted (Taylor's Version) by Taylor Swift,pop
Sparks Fly (Taylor's Version) by Taylor Swift,pop
Dear John (Taylor's Version) by Taylor Swift,pop
Better Than Revenge (Taylor's Version) by Taylor Swift,pop
Castles Crumbling (Taylor's Version) (From The Vault) by Taylor Swift Featuring Hayley Williams,pop
Speak Now (Taylor's Version) by Taylor Swift,pop
When Emma Falls In Love (Taylor's Version) (From The Vault) by Taylor Swift,pop
Electric Touch (Taylor's Version) (From The Vault) by Taylor Swift Featuring Fall Out Boy,pop
Mean (Taylor's Version) by Taylor Swift,pop
Foolish One (Taylor's Version) (From The Vault) by Taylor Swift,pop
The Story Of Us (Taylor's Version) by Taylor Swift,pop
Timeless (Taylor's Version) (From The Vault) by Taylor Swift,pop
Haunted (Taylor's Version) by Taylor Swift,pop
Long Live (Taylor's Version) by Taylor Swift,pop
Last Kiss (Taylor's Version) by Taylor Swift,pop
Never Grow Up (Taylor's Version) by Taylor Swift,pop
Innocent (Taylor's Version) by Taylor Swift,pop
Super Shy by NewJeans,"k-pop, k-pop girl group"
Ours (Taylor's Version) by Taylor Swift,pop
Superman (Taylor's Version) by Taylor Swift,pop
Point Me 2 by FendiDa Rappa With Cardi B,
LaLa by Myke Towers,"reggaeton, trap latino, urbano latino"
Seven by Jung Kook Featuring Latto,k-pop
Try That In A Small Town by Jason Aldean,"contemporary country, country, country road, modern country rock"
What Was I Made For? by Billie Eilish,"art pop, pop"
Overdrive by Post Malone,"dfw rap, melodic rap, pop, rap"
S91 by Karol G,"reggaeton, reggaeton colombiano, trap latino, urbano latino"
Rush by Troye Sivan,"australian pop, pop, viral pop"
Save Me The Trouble by Dan + Shay,"contemporary country, country, country road"
Turn Yo Clic Up by Quavo & Future,"atl hip hop, melodic rap, rap, trap"
Quema by Ryan Castro x Pe$o Pluma,"reggaeton, trap colombiano, trap latino, urbano latino"
Angels Don't Always Have Wings by Thomas Rhett,"contemporary country, country, country road, modern country rock"
Thang For You by Rylo Rodriguez Featuring NoCap,"alabama rap, atl trap, tennessee hip hop"
Johnny Dang by That Mexican OT| Paul Wall & DRODi,texas latin rap
K-POP by Travis Scott| Bad Bunny & The Weeknd,"hip hop, rap, slap house"
White Horse by Chris Stapleton,"contemporary country, outlaw country"
Deli by Ice Spice,bronx drill
Heartbroken by Diplo| Jessie Murph & Polo G,"dance pop, edm, electro house, moombahton, pop dance"
Speed Drive by Charli XCX,"art pop, candy pop, metropopolis, pop, uk pop"
ETA by NewJeans,"k-pop, k-pop girl group"
I'm Just Ken by Ryan Gosling,hollywood
Oklahoma Smokeshow by Zach Bryan,classic oklahoma country
But I Got A Beer In My Hand by Luke Bryan,"contemporary country, country, country road, modern country rock"
Cool With You by NewJeans,"k-pop, k-pop girl group"
Talibans II by Burna Boy & Byron Messia,"afrobeats, azontobeats, dancehall, nigerian hip hop, nigerian pop"
Equal Dirt by Rylo Rodriguez,"alabama rap, atl trap, tennessee hip hop"
Meltdown by Travis Scott Featuring Drake,pop
FE!N by Travis Scott Featuring Playboi Carti,"hip hop, rap, slap house"
I Know ? by Travis Scott,"hip hop, rap, slap house"
Hyaena by Travis Scott,"hip hop, rap, slap house"
Thank God by Travis Scott,"hip hop, rap, slap house"
Topia Twins by Travis Scott Featuring Rob49 & 21 Savage,"hip hop, rap, slap house"
My Eyes by Travis Scott,"hip hop, rap, slap house"
Modern Jam by Travis Scott Featuring Teezo Touchdown,
Delresto (Echoes) by Travis Scott & Beyonce,"hip hop, rap, slap house"
Telekinesis by Travis Scott Featuring SZA & Future,"hip hop, rap, slap house"
Sirens by Travis Scott,"hip hop, rap, slap house"
God's Country by Travis Scott,"hip hop, rap, slap house"
Skitzo by Travis Scott Featuring Young Thug,"hip hop, rap, slap house"
Circus Maximus by Travis Scott Featuring The Weeknd & Swae Lee,"hip hop, rap, slap house"
Til Further Notice by Travis Scott Featuring James Blake & 21 Savage,
In Your Love by Tyler Childers,"kentucky indie, kentucky roots, outlaw country"
Lost Forever by Travis Scott Featuring Westside Gunn,"hip hop, rap, slap house"
Looove by Travis Scott Featuring Kid Cudi,"hip hop, rap, slap house"
Parasail by Travis Scott Featuring Yung Lean & Dave Chappelle,"hip hop, rap, slap house"
Jealousy by Offset & Cardi B,"atl hip hop, hip hop, pop rap, rap, trap"
Enough Is Enough by Post Malone,"dfw rap, melodic rap, pop, rap"
Something Real by Post Malone,"dfw rap, melodic rap, pop, rap"
On The Radar Freestyle by Drake & Central Cee,"canadian hip hop, canadian pop, hip hop, pop rap, rap"
Too Cool To Die by Post Malone,"dfw rap, melodic rap, pop, rap"
Don't Understand by Post Malone,"dfw rap, melodic rap, pop, rap"
Aqui Te Espero by Ivan Cornejo,sad sierreno
Novacandy by Post Malone,"dfw rap, melodic rap, pop, rap"
Paint The Town Red by Doja Cat,"dance pop, pop"
Blank Space by Taylor Swift,pop
Good Good by Usher| Summer Walker & 21 Savage,"atl hip hop, contemporary r&b, dance pop, pop, r&b, rap, south carolina hip hop, urban contemporary"
El Amor de Su Vida by Grupo Frontera & Grupo Firme,musica chihuahuense
Rich Men North Of Richmond by Oliver Anthony Music,modern country pop
Bad Idea Right? by Olivia Rodrigo,pop
Mi Ex Tenia Razon by Karol G,"reggaeton, reggaeton colombiano, trap latino, urbano latino"
Qlona by Karol G & Peso Pluma,
Supposed To Be Loved by DJ Khaled| Lil Baby| Future & Lil Uzi Vert,"hip hop, miami hip hop, pop rap, rap"
The Painter by Cody Johnson,"classic texas country, contemporary country, modern country pop"
Una Noche En Medellin (Remix) by Karol G| Cris Mj & Ryan Castro,"reggaeton, reggaeton colombiano, trap latino, urbano latino"
Aint Gotta Dollar by Oliver Anthony Music,modern country pop
Oki Doki by Karol G,"reggaeton, reggaeton colombiano, trap latino, urbano latino"
Pretty Little Poison by Warren Zeiders,modern country pop
Amargura by Karol G,"reggaeton, reggaeton colombiano, trap latino, urbano latino"
Love Me Again by V,"j-division, korean ost"
Mona Lisa by Dominic Fike,"alternative pop rock, pov: indie"
Lose Control by Teddy Swims,
Call Your Friends by Rod Wave,florida rap
Standing Room Only by Tim McGraw,"contemporary country, country, country road"
Barely Holdin' On by Polo G,"chicago rap, rap"
F*ck U Thought by Lil Durk,"chicago drill, chicago rap, drill, hip hop, rap, trap"
Summer Too Hot by Chris Brown,"r&b, rap"
Burn; Burn; Burn by Zach Bryan,classic oklahoma country
I Remember Everything by Zach Bryan Featuring Kacey Musgraves,classic oklahoma country
Used To Be Young by Miley Cyrus,pop
Hey Driver by Zach Bryan Featuring The War And Treaty,classic oklahoma country
Spotless by Zach Bryan Featuring The Lumineers,classic oklahoma country
East Side Of Sorrow by Zach Bryan,classic oklahoma country
Single Soon by Selena Gomez,"pop, post-teen pop"
Tourniquet by Zach Bryan,classic oklahoma country
Overtime by Zach Bryan,classic oklahoma country
Summertime's Close by Zach Bryan,classic oklahoma country
Fear And Friday's by Zach Bryan,classic oklahoma country
Ticking by Zach Bryan,classic oklahoma country
El Dorado by Zach Bryan,classic oklahoma country
Holy Roller by Zach Bryan Featuring Sierra Ferrell,classic oklahoma country
Smaller Acts by Zach Bryan,classic oklahoma country
Fear And Friday's (Poem) by Zach Bryan,classic oklahoma country
Jake's Piano - Long Island by Zach Bryan,classic oklahoma country
Tradesman by Zach Bryan,classic oklahoma country
Oklahoman Son by Zach Bryan,classic oklahoma country
Sittin' On Top Of The World by Burna Boy,"afrobeats, azontobeats, dancehall, nigerian hip hop, nigerian pop"
There I Go by Gucci Mane Featuring J. Cole & Mike WiLL Made-It,"atl hip hop, dirty south rap, hip hop, pop rap, rap, southern hip hop, trap"
Primera Cita by Carin Leon,"corrido, musica mexicana, sad sierreno, sierreno"
On My Mama by Victoria Monet,"alternative r&b, r&b"
Last Time I Saw You by Nicki Minaj,"hip pop, pop, queens hip hop, rap"
Margaritaville by Jimmy Buffett,trop rock
Demons by Doja Cat,"dance pop, pop"
Come See Me by Rod Wave,florida rap
Que Onda by Calle 24 x Chino Pacas x Fuerza Regida,
SkeeYee by Sexyy Red,trap queen
Keep Going Up! by Timbaland| Nelly Furtado & Justin Timberlake,"dance pop, pop, pop rap"
Get Him Back! by Olivia Rodrigo,pop
All-American Bitch by Olivia Rodrigo,pop
Bongos by Cardi B & Megan Thee Stallion,"pop, rap"
The Grudge by Olivia Rodrigo,pop
Making The Bed by Olivia Rodrigo,pop
Logical by Olivia Rodrigo,pop
Lacy by Olivia Rodrigo,pop
Ballad Of A Homeschooled Girl by Olivia Rodrigo,pop
Love Is Embarrassing by Olivia Rodrigo,pop
Pretty Isn't Pretty by Olivia Rodrigo,pop
Teenage Dream by Olivia Rodrigo,pop
Slow Dancing by V,"j-division, korean ost"
Bipolar by Peso Pluma x Jasiel Nunez x Junior H,norteno-sax
Slime You Out by Drake Featuring SZA,"canadian hip hop, canadian pop, hip hop, pop rap, rap"
Turks & Caicos by Rod Wave Featuring 21 Savage,florida rap
Boyz Don't Cry by Rod Wave,florida rap
Great Gatsby by Rod Wave,florida rap
Greedy by Tate McRae,pop
Long Journey by Rod Wave,florida rap
Nostalgia by Rod Wave & Wet,florida rap
Crazy by Rod Wave,florida rap
HG4 by Rod Wave,florida rap
Checkmate by Rod Wave,florida rap
Love For A Thug by Rod Wave,florida rap
2018 by Rod Wave & Sadie Jean,florida rap
Keep It G by Rod Wave,florida rap
Pass You By by Rod Wave,florida rap
Love Story/Interlude by Rod Wave,florida rap
Back Lit by Rod Wave,florida rap
Another One Of Me by Diddy| French Montana & The Weeknd Featuring 21 Savage,"dance pop, east coast hip hop, hip hop, hip pop, pop rap, rap"
Strangers by Kenya Grace,singer-songwriter pop
Rap Beef by Rod Wave,florida rap
Lil Boo Thang by Paul Russell,indie r&b
Sarah's Place by Zach Bryan Featuring Noah Kahan,classic oklahoma country
Agora Hills by Doja Cat,"dance pop, pop"
Boys Of Faith by Zach Bryan Featuring Bon Iver,classic oklahoma country
Deep Satin by Zach Bryan,classic oklahoma country
Nine Ball by Zach Bryan,classic oklahoma country
El Jefe by Shakira X Fuerza Regida,"colombian pop, dance pop, latin pop, pop"
500lbs by Lil Tecca,"melodic rap, pluggnb, rap"
One More Time by blink-182,"alternative metal, modern rock, pop punk, punk, rock, socal pop punk"
Un Preview by Bad Bunny,"reggaeton, trap latino, urbano latino"
Pain; Sweet; Pain by Zach Bryan,classic oklahoma country
My Love Mine All Mine by Mitski,"brooklyn indie, pov: indie"
Segun Quien by Maluma & Carin Leon,"latin pop, reggaeton, reggaeton colombiano, trap latino, urbano latino"
HVN On Earth by Lil Tecca & Kodak Black,"melodic rap, pluggnb, rap"
Can't Have Mine by Dylan Scott,"contemporary country, country road, modern country rock"
3D by Jung Kook & Jack Harlow,k-pop
Better Place by *NSYNC,"boy band, dance pop, pop"
Mamaw's House by Thomas Rhett Featuring Morgan Wallen,"contemporary country, country, country road, modern country rock"
Water by Tyla,
Stick Season by Noah Kahan,pov: indie
Shaq & Kobe by Rick Ross & Meek Mill,"dirty south rap, gangster rap, hip hop, rap, southern hip hop, trap"
Stars Like Confetti by Dustin Lynch,"contemporary country, country, country road, modern country rock"
God Gave Me A Girl by Russell Dickerson,"contemporary country, country, country road, modern country rock"
The Secret Recipe by Lil Yachty & J. Cole,"atl hip hop, melodic rap, rap, trap"
First Person Shooter by Drake Featuring J. Cole,"canadian hip hop, canadian pop, hip hop, pop rap, rap"
IDGAF by Drake Featuring Yeat,"canadian hip hop, canadian pop, hip hop, pop rap, rap"
Virginia Beach by Drake,"canadian hip hop, canadian pop, hip hop, pop rap, rap"
Calling For You by Drake Featuring 21 Savage,"canadian hip hop, canadian pop, hip hop, pop rap, rap"
Daylight by Drake,"canadian hip hop, canadian pop, hip hop, pop rap, rap"
Fear Of Heights by Drake,"canadian hip hop, canadian pop, hip hop, pop rap, rap"
Rich Baby Daddy by Drake Featuring Sexyy Red & SZA,"canadian hip hop, canadian pop, hip hop, pop rap, rap"
Gently by Drake Featuring Bad Bunny,alt z
Amen by Drake Featuring Teezo Touchdown,
7969 Santa by Drake,"canadian hip hop, canadian pop, hip hop, pop rap, rap"
8am In Charlotte by Drake,"canadian hip hop, canadian pop, hip hop, pop rap, rap"
What Would Pluto Do by Drake,"canadian hip hop, canadian pop, hip hop, pop rap, rap"
Bahamas Promises by Drake,"canadian hip hop, canadian pop, hip hop, pop rap, rap"
Tried Our Best by Drake,"canadian hip hop, canadian pop, hip hop, pop rap, rap"
Members Only by Drake Featuring PARTYNEXTDOOR,"canadian hip hop, canadian pop, hip hop, pop rap, rap"
All The Parties by Drake Featuring Chief Keef,"canadian hip hop, canadian pop, hip hop, pop rap, rap"
Drew A Picasso by Drake,"canadian hip hop, canadian pop, hip hop, pop rap, rap"
Another Late Night by Drake Featuring Lil Yachty,"canadian hip hop, canadian pop, hip hop, pop rap, rap"
Away From Home by Drake,"canadian hip hop, canadian pop, hip hop, pop rap, rap"
BBL Love Interlude by Drake,"canadian hip hop, canadian pop, hip hop, pop rap, rap"
Polar Opposites by Drake,"canadian hip hop, canadian pop, hip hop, pop rap, rap"
Screw The World Interlude by Drake,"canadian hip hop, canadian pop, hip hop, pop rap, rap"
Wild Ones by Jessie Murph & Jelly Roll,"modern country pop, singer-songwriter pop"
She Calls Me Back by Noah Kahan With Kacey Musgraves,pov: indie
Y Lloro by Junior H,"corrido, corridos tumbados, musica mexicana, sad sierreno, sierreno"
Monaco by Bad Bunny,"reggaeton, trap latino, urbano latino"
Fina by Bad Bunny & Young Miko,"reggaeton, trap latino, urbano latino"
Perro Negro by Bad Bunny & Feid,"reggaeton, trap latino, urbano latino"
Nadie Sabe by Bad Bunny,"reggaeton, trap latino, urbano latino"
Hibiki by Bad Bunny & Mora,"reggaeton, trap latino, urbano latino"
Mr. October by Bad Bunny,"reggaeton, trap latino, urbano latino"
Cybertruck by Bad Bunny,"reggaeton, trap latino, urbano latino"
Telefono Nuevo by Bad Bunny & Luar La L,"reggaeton, trap latino, urbano latino"
Baby Nueva by Bad Bunny,"reggaeton, trap latino, urbano latino"
Seda by Bad Bunny & Bryant Myers,"reggaeton, trap latino, urbano latino"
Say My Grace by Offset Featuring Travis Scott,"atl hip hop, hip hop, pop rap, rap, trap"
Gracias Por Nada by Bad Bunny,"reggaeton, trap latino, urbano latino"
Vou 787 by Bad Bunny,"reggaeton, trap latino, urbano latino"
Mercedes Carota by Bad Bunny & YOVNGCHIMI,"reggaeton, trap latino, urbano latino"
Los Pits by Bad Bunny,"reggaeton, trap latino, urbano latino"
No Me Quiero Casar by Bad Bunny,"reggaeton, trap latino, urbano latino"
Vuelve Candy B by Bad Bunny,"reggaeton, trap latino, urbano latino"
Baticano by Bad Bunny,"reggaeton, trap latino, urbano latino"
Thunder y Lightning by Bad Bunny & Eladio Carrion,"reggaeton, trap latino, urbano latino"
Acho PR by Bad Bunny| Arcangel| De La Ghetto & Nengo Flow,"reggaeton, trap latino, urbano latino"
Worth It by Offset & Don Toliver,"atl hip hop, hip hop, pop rap, rap, trap"
Too Much by The Kid LAROI| Jung Kook & Central Cee,australian hip hop
Burn It Down by Parker McCollum,"classic texas country, contemporary country, modern country pop, texas country"
One Of Your Girls by Troye Sivan,"australian pop, pop, viral pop"
Is It Over Now? (Taylor's Version) [From The Vault] by Taylor Swift,pop
Now That We Don't Talk (Taylor's Version) [From The Vault] by Taylor Swift,pop
Slut! (Taylor's Version) [From The Vault] by Taylor Swift,pop
Say Don't Go (Taylor's Version) [From The Vault] by Taylor Swift,pop
Bad Blood (Taylor's Version) by Taylor Swift,pop
Style (Taylor's Version) by Taylor Swift,pop
Suburban Legends (Taylor's Version) [From The Vault] by Taylor Swift,pop
Blank Space (Taylor's Version) by Taylor Swift,pop
Welcome To New York (Taylor's Version) by Taylor Swift,pop
Out Of The Woods (Taylor's Version) by Taylor Swift,pop
Wildest Dreams (Taylor's Version) by Taylor Swift,pop
All You Had To Do Was Stay (Taylor's Version) by Taylor Swift,pop
Thriller by Michael Jackson,"r&b, soul"
Shake It Off (Taylor's Version) by Taylor Swift,pop
New Romantics (Taylor's Version) by Taylor Swift,pop
Clean (Taylor's Version) by Taylor Swift,pop
I Wish You Would (Taylor's Version) by Taylor Swift,pop
I Know Places (Taylor's Version) by Taylor Swift,pop
"Monster Mash by Bobby ""Boris"" Pickett And The Crypt-Kickers","halloween, novelty"
Wonderland (Taylor's Version) by Taylor Swift,pop
How You Get The Girl (Taylor's Version) by Taylor Swift,pop
This Is Halloween by The Citizens of Halloween,halloween
This Love (Taylor's Version) by Taylor Swift,pop
You Are In Love (Taylor's Version) by Taylor Swift,pop
Ghostbusters by Ray Parker Jr.,theme
World On Fire by Nate Smith,"contemporary country, modern country pop"
Mr. Take Ya B*tch by Lil Mabu & chriseanrock,
Standing Next To You by Jung Kook,k-pop
Now And Then by The Beatles,"british invasion, classic rock, merseybeat, psychedelic rock, rock"
Cobra by Megan Thee Stallion,"houston rap, pop, r&b, rap, trap queen"
Harley Quinn by Fuerza Regida & Marshmello,"corrido, corridos tumbados, sad sierreno, sierreno"
Can't Catch Me Now by Olivia Rodrigo,pop
Bleed by The Kid LAROI,australian hip hop
We Don't Fight Anymore by Carly Pearce Featuring Chris Stapleton,"contemporary country, country, country road"
Lovin On Me by Jack Harlow,"deep underground hip hop, kentucky hip hop, pop rap, rap"
Houdini by Dua Lipa,"dance pop, pop, uk pop"
Northern Attitude by Noah Kahan With Hozier,pov: indie
LALALALA by Stray Kids,"k-pop, k-pop boy group, pop"
Smurk Carter by Lil Durk,"chicago drill, chicago rap, drill, hip hop, rap, trap"
Different 'Round Here by Riley Green Featuring Luke Combs,"contemporary country, country road, modern country pop, modern country rock"
Better Than Ever by YoungBoy Never Broke Again & Rod Wave,"baton rouge rap, rap"
Soak City (Do It) by 310babii,
You Broke My Heart by Drake,"canadian hip hop, canadian pop, hip hop, pop rap, rap"
Evil Ways by Drake Featuring J. Cole,"canadian hip hop, canadian pop, hip hop, pop rap, rap"
Exes by Tate McRae,pop
Red Button by Drake,"canadian hip hop, canadian pop, hip hop, pop rap, rap"
The Shoe Fits by Drake,"canadian hip hop, canadian pop, hip hop, pop rap, rap"
Stories About My Brother by Drake,"canadian hip hop, canadian pop, hip hop, pop rap, rap"
Wick Man by Drake,"canadian hip hop, canadian pop, hip hop, pop rap, rap"
Where The Wild Things Are by Luke Combs,"contemporary country, country"
"I Swear; I Really Wanted To Make A ""Rap"" Album But... by Andre 3000","atl hip hop, dirty south rap, hip hop, southern hip hop"
Surround Sound by JID Featuring 21 Savage & Baby Tate,"hip hop, pop rap, rap, underground hip hop"
You're Losing Me (From The Vault) by Taylor Swift,pop
Labios Mordidos by Kali Uchis & Karol G,colombian pop
My House by Beyonce,"pop, r&b"
Everywhere; Everything by Noah Kahan With Gracie Abrams,pov: indie
Mmhmm by BigXthaPlug,southern hip hop
Feather by Sabrina Carpenter,pop
Everybody by Nicki Minaj Featuring Lil Uzi Vert,"hip pop, pop, queens hip hop, rap"
Needle by Nicki Minaj Featuring Drake,"hip pop, pop, queens hip hop, rap"
FTCU by Nicki Minaj,"hip pop, pop, queens hip hop, rap"
Like It's Christmas by Jonas Brothers,"boy band, pop"
Barbie Dangerous by Nicki Minaj,"hip pop, pop, queens hip hop, rap"
Are You Gone Already by Nicki Minaj,"hip pop, pop, queens hip hop, rap"
Let Me Calm Down by Nicki Minaj Featuring J. Cole,"hip pop, pop, queens hip hop, rap"
Beep Beep by Nicki Minaj,"hip pop, pop, queens hip hop, rap"
Run For The Hills by Tate McRae,pop
Big Difference by Nicki Minaj,"hip pop, pop, queens hip hop, rap"
Fallin 4 U by Nicki Minaj,"hip pop, pop, queens hip hop, rap"
RNB by Nicki Minaj Featuring Lil Wayne & Tate Kobang,"memphis hip hop, rap, southern hip hop, tennessee hip hop, trap"
Pink Friday Girls by Nicki Minaj,"hip pop, pop, queens hip hop, rap"
Cowgirl by Nicki Minaj Featuring Lourdiz,"hip pop, pop, queens hip hop, rap"
Pink Birthday by Nicki Minaj,"hip pop, pop, queens hip hop, rap"
Bahm Bahm by Nicki Minaj,"hip pop, pop, queens hip hop, rap"
Bellakeo by Peso Pluma & Anitta,"corridos tumbados, sad sierreno"
La Diabla by Xavi,sad sierreno
Jingle Bells by Meghan Trainor,"contemporary country, country, country road, modern country rock"
Crazy by Lil Baby,"atl hip hop, atl trap, rap, trap"
Never Lose Me by Flo Milli,viral rap
Lace It by Juice WRLD| Eminem & benny blanco,"chicago rap, melodic rap, rap"
Mind On You by George Birge,"modern country pop, texas country"
La Victima by Xavi,sad sierreno
Wondering Why by The Red Clay Strays,
DJ Play A Christmas Song by Cher,"dance pop, pop"
Winter Wonderland by Chloe,"classical, impressionism, neoclassicism, post-romantic era"
One Of The Girls by The Weeknd| JENNIE & Lily Rose Depp,"canadian contemporary r&b, canadian pop, pop"
Mistletoe by Justin Bieber,"canadian pop, pop"
I Saw Mommy Kissing Santa Claus by Jackson 5,"motown, soul"
(There's No Place Like) Home For The Holidays (1954) by Perry Como With Mitchell Ayers And His Orchestra,"adult standards, easy listening, lounge"
I Can Feel It by Kane Brown,"black americana, contemporary country, country, country road"
23 by Chayce Beckham,modern country pop
Rompe La Dompe by Peso Pluma| Junior H & Oscar Maydon,"corridos tumbados, sad sierreno"
Murder On The Dancefloor by Sophie Ellis-Bextor,"dance pop, europop, new wave pop"
Wildflowers And Wild Horses by Lainey Wilson,"contemporary country, modern country pop"
One Of The Girls by The Weeknd| Jennie & Lily Rose Depp,"canadian contemporary r&b, canadian pop, pop"
Act II: Date @ 8 by 4Batz,
Coal by Dylan Gossett,modern country pop
When It Comes To You by Fridayy,
Where It Ends by Bailey Zimmerman,"contemporary country, modern country pop"
IDGAF by Tee Grizzley| Mariah The Scientist & Chris Brown,"detroit hip hop, detroit trap, rap, southern hip hop, trap"
