{"All I Want For Christmas Is You_Mariah Carey": "dance pop, pop, urban contemporary", "Rockin' Around The Christmas Tree_Brenda Lee": "adult standards, lounge, rockabilly", "Jingle Bell Rock_Bobby Helms": "", "Last Christmas_Wham!": "new romantic, new wave pop, soft rock", "A Holly Jolly Christmas_Burl Ives": "american folk revival", "It's The Most Wonderful Time Of The Year_Andy Williams": "adult standards, easy listening", "Feliz Navidad_Jose Feliciano": "latin pop, puerto rican pop", "Anti-Hero_Taylor Swift": "pop", "The Christmas Song (Merry Christmas To You)_Nat \"King\" Cole": "adult standards, lounge, soul, swing, vocal jazz", "Unholy_Sam Smith & Kim Petras": "pop, uk pop", "Kill Bill_SZA": "pop, r&b, rap", "Santa Tell Me_Ariana Grande": "pop", "Sleigh Ride_The Ronettes": "brill building pop, classic girl group, motown, rock-and-roll", "Underneath The Tree_Kelly Clarkson": "dance pop, pop, talent show", "Christmas (Baby Please Come Home)_Darlene Love": "", "White Christmas_Bing Crosby With Ken Darby Singers & John Scott Trotter & His Orchestra": "adult standards, easy listening, lounge", "Deck The Halls_Nat King Cole": "adult standards, lounge, soul, swing, vocal jazz", "Let It Snow; Let It Snow; Let It Snow!_Dean Martin": "adult standards, easy listening, lounge, vocal jazz", "I'm Good (Blue)_David Guetta & Bebe Rexha": "big room, dance pop, edm, pop, pop dance", "Jingle Bells_Frank Sinatra With The Orchestra & Chorus Of Gordon Jenkins": "adult standards, easy listening, lounge", "Rich Flex_Drake & 21 Savage": "canadian hip hop, canadian pop, hip hop, pop rap, rap", "Creepin'_Metro Boomin| The Weeknd & 21 Savage": "hip hop, rap", "It's Beginning To Look A Lot Like Christmas_Perry Como And The Fontane Sisters With Mitchell Ayres And His Orchestra": "adult standards, easy listening, lounge", "Blue Christmas_Elvis Presley": "rock-and-roll, rockabilly", "It's Beginning To Look A Lot Like Christmas_Michael Buble": "adult standards, canadian pop, jazz pop, lounge", "Die For You_The Weeknd & Ariana Grande": "canadian contemporary r&b, canadian pop, pop", "Here Comes Santa Claus (Right Down Santa Claus Lane)_Gene Autry": "classic oklahoma country, cowboy western, traditional country, yodeling", "Rudolph The Red-Nosed Reindeer_Gene Autry & The Pinafores": "classic oklahoma country, cowboy western, traditional country, yodeling", "Little Saint Nick_The Beach Boys": "baroque pop, classic rock, folk rock, mellow gold, psychedelic rock, rock, singer-songwriter, sunshine pop", "Bad Habit_Steve Lacy": "afrofuturism", "As It Was_Harry Styles": "pop", "Run Rudolph Run_Chuck Berry": "blues, blues rock, classic rock, rock, rock-and-roll, rockabilly, soul", "Wonderful Christmastime_Paul McCartney": "classic rock, mellow gold, rock, soft rock", "Santa Claus Is Comin' To Town_Jackson 5": "motown, soul", "You're A Mean One; Mr. Grinch_Thurl Ravenscroft": "movie tunes", "Santa Baby_Eartha Kitt With Henri Rene And His Orchestra": "torch song, vocal jazz", "This Christmas_Donny Hathaway": "chicago soul, classic soul, funk, neo soul, quiet storm, soul, southern soul", "Cuff It_Beyonce": "pop, r&b", "Under The Influence_Chris Brown": "r&b, rap", "Happy Holiday / The Holiday Season_Andy Williams": "adult standards, easy listening", "(There's No Place Like) Home For The Holidays (1959)_Perry Como With Mitchell Ayers And His Orchestra": "adult standards, easy listening, lounge", "Something In The Orange_Zach Bryan": "classic oklahoma country", "Please Come Home For Christmas_Eagles": "album rock, classic rock, heartland rock, mellow gold, rock, soft rock, yacht rock", "Merry Christmas_Ed Sheeran & Elton John": "pop, singer-songwriter pop, uk pop", "Made You Look_Meghan Trainor": "hip pop, pop", "You Proof_Morgan Wallen": "contemporary country", "Happy Xmas (War Is Over)_John & Yoko/The Plastic Ono Band With The Harlem Community Choir": "classic rock, rock", "Have Yourself A Merry Little Christmas_Michael Buble": "adult standards, canadian pop, jazz pop, lounge", "Golden Hour_JVKE": "modern indie pop, pov: indie, singer-songwriter pop", "Christmastime Is Here_Vince Guaraldi Trio": "jazz trio", "Super Freaky Girl_Nicki Minaj": "hip pop, pop, queens hip hop, rap", "Shirt_SZA": "pop, r&b, rap", "Just Wanna Rock_Lil Uzi Vert": "hip hop, melodic rap, philly rap, rage rap, rap, trap", "Tomorrow 2_GloRilla & Cardi B": "southern hip hop", "Superhero (Heroes & Villains)_Metro Boomin| Future & Chris Brown": "hip hop, rap", "Thank God_Kane Brown With Katelyn Brown": "black americana, contemporary country, country, country road", "Lift Me Up_Rihanna": "barbadian pop, pop, urban contemporary", "Until I Found You_Stephen Sanchez": "gen z singer-songwriter", "Nobody Gets Me_SZA": "pop, r&b, rap", "Someday At Christmas_Lizzo": "escape room, minnesota hip hop, pop, trap queen", "Rock And A Hard Place_Bailey Zimmerman": "contemporary country, modern country pop", "Gato de Noche_Nengo Flow & Bad Bunny": "reggaeton, trap latino, urbano latino", "Victoria's Secret_Jax": "gen z singer-songwriter", "Lavender Haze_Taylor Swift": "pop", "Low_SZA": "pop, r&b, rap", "Son Of A Sinner_Jelly Roll": "country rap, nashville hip hop, tennessee hip hop", "Blind_SZA": "pop, r&b, rap", "What My World Spins Around_Jordan Davis": "contemporary country", "Wait In The Truck_HARDY Featuring Lainey Wilson": "contemporary country, modern country pop", "Going; Going; Gone_Luke Combs": "contemporary country, country", "Heart Like A Truck_Lainey Wilson": "contemporary country, modern country pop", "Last Christmas_Lauren Spencer Smith": "alt z, gen z singer-songwriter, singer-songwriter pop", "Blue Christmas_Kane Brown": "rock-and-roll, rockabilly", "Snooze_SZA": "pop, r&b, rap", "Escapism_RAYE Featuring 070 Shake": "uk contemporary r&b, uk pop", "Santa; Can't You Hear Me_Kelly Clarkson & Ariana Grande": "dance pop, pop, talent show", "Love Language_SZA": "pop, r&b, rap", "Star Walkin' (League Of Legends Worlds Anthem)_Lil Nas X": "lgbtq+ hip hop", "Calm Down_Rema & Selena Gomez": "afrobeats, nigerian pop", "Whiskey On You_Nate Smith": "contemporary country, modern country pop", "Seek & Destroy_SZA": "pop, r&b, rap", "Hold Me Closer_Elton John & Britney Spears": "glam rock, mellow gold, piano rock, rock", "Que Vuelvas_Carin Leon X Grupo Frontera": "musica chihuahuense", "Too Many Nights_Metro Boomin Featuring Don Toliver & Future": "hip hop, rap", "Spin Bout U_Drake & 21 Savage": "canadian hip hop, canadian pop, hip hop, pop rap, rap", "Used_SZA Featuring Don Toliver": "contemporary country, country", "Romantic Homicide_d4vd": "bedroom pop", "Circo Loco_Drake & 21 Savage": "canadian hip hop, canadian pop, hip hop, pop rap, rap", "Ghost In The Machine_SZA Featuring Phoebe Bridgers": "pop, r&b, rap", "Down Home_Jimmie Allen": "black americana, contemporary country, country road, modern country rock", "Bebe Dame_Fuerza Regida X Grupo Frontera": "corrido, corridos tumbados, sad sierreno, sierreno", "Special_SZA": "pop, r&b, rap", "No Se Va_Grupo Frontera": "musica chihuahuense", "Kid On Christmas_Pentatonix Featuring Meghan Trainor": "a cappella, viral pop", "One Thing At A Time_Morgan Wallen": "contemporary country", "Pick Me Up_Gabby Barrett": "contemporary country", "SOS_SZA": "pop, r&b, rap", "Forget Me_Lewis Capaldi": "pop, uk pop", "La Jumpa_Arcangel & Bad Bunny": "latin hip hop, reggaeton, trap latino, urbano latino", "Gone Girl_SZA": "pop, r&b, rap", "I Like You (A Happier Song)_Post Malone Featuring Doja Cat": "dfw rap, melodic rap, pop, rap", "Wasted On You_Morgan Wallen": "contemporary country", "About Damn Time_Lizzo": "escape room, minnesota hip hop, pop, trap queen", "Wait For U_Future Featuring Drake & Tems": "atl hip hop, hip hop, rap, southern hip hop, trap", "Sunroof_Nicky Youre & dazy": "singer-songwriter pop", "I Ain't Worried_OneRepublic": "piano rock, pop", "Vegas_Doja Cat": "dance pop, pop", "Thought You Should Know_Morgan Wallen": "contemporary country", "The Kind Of Love We Make_Luke Combs": "contemporary country, country", "She Had Me At Heads Carolina_Cole Swindell": "contemporary country, country, country road, modern country rock", "Unstoppable_Sia": "australian dance, australian pop, pop", "Fall In Love_Bailey Zimmerman": "contemporary country, modern country pop", "Jimmy Cooks_Drake Featuring 21 Savage": "canadian hip hop, canadian pop, hip hop, pop rap, rap", "Hotel Lobby (Unc And Phew)_Quavo & Takeoff": "atl hip hop, melodic rap, rap, trap", "Tennessee Orange_Megan Moroney": "contemporary country, modern country pop", "What He Didn't Do_Carly Pearce": "contemporary country, country, country road", "Bloody Mary_Lady Gaga": "art pop, dance pop, pop", "Handle On You_Parker McCollum": "classic texas country, contemporary country, modern country pop, texas country", "Snap_Rosa Linn": "alt z", "Freestyle_Lil Baby": "atl hip hop, atl trap, rap, trap", "Half Of Me_Thomas Rhett Featuring Riley Green": "contemporary country, country, country road, modern country rock", "Wild As Her_Corey Kent": "modern country pop, texas country", "Billie Eilish._Armani White": "indie hip hop", "Bejeweled_Taylor Swift": "pop", "La Bachata_Manuel Turizo": "colombian pop, latin pop, reggaeton, reggaeton colombiano, trap latino, urbano latino", "Heyy_Lil Baby": "atl hip hop, atl trap, rap, trap", "Open Arms_SZA Featuring Travis Scott": "pop, r&b, rap", "Niagara Falls (Foot Or 2)_Metro Boomin| Travis Scott & 21 Savage": "hip hop, rap", "The Color Violet_Tory Lanez": "canadian hip hop, canadian trap, melodic rap, pop rap, r&b, rap, trap", "Here With Me_d4vd": "bedroom pop", "California Breeze_Lil Baby": "atl hip hop, atl trap, rap, trap", "Love You Better_Future": "atl hip hop, hip hop, rap, southern hip hop, trap", "Pussy & Millions_Drake & 21 Savage Featuring Travis Scott": "canadian hip hop, canadian pop, hip hop, pop rap, rap", "Out In The Middle_Zac Brown Band": "contemporary country, country, country road, modern country rock", "On BS_Drake & 21 Savage": "canadian hip hop, canadian pop, hip hop, pop rap, rap", "Shut Up My Moms Calling_Hotel Ugly": "modern indie pop", "Midnight Rain_Taylor Swift": "pop", "Players_Coi Leray": "new jersey underground rap, trap queen", "Major Distribution_Drake & 21 Savage": "canadian hip hop, canadian pop, hip hop, pop rap, rap", "Notice Me_SZA": "pop, r&b, rap", "Sure Thing_Miguel": "r&b, urban contemporary", "Black_YoungBoy Never Broke Again": "baton rouge rap, rap", "Miss You_Oliver Tree & Robin Schulz": "alternative hip hop", "Ditto_NewJeans": "k-pop, k-pop girl group", "That's What Tequila Does_Jason Aldean": "contemporary country, country, country road, modern country rock", "You Didn't_Brett Young": "contemporary country, country, country road, modern country rock", "Flowers_Miley Cyrus": "pop", "Bzrp Music Sessions; Vol. 53_Bizarrap & Shakira": "argentine hip hop, pop venezolano, trap argentino, trap latino, urbano latino", "On Wat U On_Moneybagg Yo x GloRilla": "memphis hip hop, rap, southern hip hop, tennessee hip hop, trap", "Nonsense_Sabrina Carpenter": "pop", "Vibe_TAEYANG Featuring Jimin": "k-pop, korean r&b", "Monotonia_Shakira + Ozuna": "colombian pop, dance pop, latin pop, pop", "OMG_NewJeans": "k-pop, k-pop girl group", "Human_Cody Johnson": "classic texas country, contemporary country, modern country pop", "Heart To Heart_Mac DeMarco": "edmonton indie, lo-fi indie, pov: indie", "King Snipe_Gucci Mane & Kodak Black": "atl hip hop, dirty south rap, hip hop, pop rap, rap, southern hip hop, trap", "Knight Crawler_Trippie Redd & Juice WRLD": "melodic rap, rap, trap", "Red_HARDY Featuring Morgan Wallen": "contemporary country, modern country pop", "10:35_Tiesto Featuring Tate McRae": "big room, brostep, dutch edm, edm, house, pop dance, slap house, trance", "I Wish You Roses_Kali Uchis": "colombian pop", "Gangsta Boo_Ice Spice & Lil Tjay": "bronx drill", "Moonlight Sunrise_TWICE": "k-pop, k-pop girl group, pop", "Fully Loaded_Trippie Redd| Future & Lil Baby": "melodic rap, rap, trap", "Krzy Train_Trippie Redd & Travis Scott": "melodic rap, rap, trap", "Next Thing You Know_Jordan Davis": "contemporary country", "AMG_Gabito Ballesteros| Peso Pluma & Natanael Cano": "corrido, corridos tumbados, musica mexicana, sad sierreno, sierreno", "Do It Again_NLE Choppa & 2Rare": "memphis hip hop, rap", "Back End_Finesse2Tymes": "memphis hip hop", "Spit In My Face!_ThxSoMch": "bedroom r&b", "Last Night_Morgan Wallen": "contemporary country", "Love Again_The Kid LAROI": "australian hip hop", "Dawns_Zach Bryan Featuring Maggie Rogers": "classic oklahoma country", "I Wrote The Book_Morgan Wallen": "contemporary country", "Everything I Love_Morgan Wallen": "contemporary country", "Growin' Up And Gettin' Old_Luke Combs": "contemporary country, country", "I'm Not Here To Make Friends_Sam Smith": "pop, uk pop", "The Black Seminole._Lil Yachty": "atl hip hop, melodic rap, rap, trap", "Fin de Semana_Junior H X Oscar Maydon": "corrido, corridos tumbados, sierreno", "Tennessee Fan_Morgan Wallen": "contemporary country", "Hey Mor_Ozuna Featuring Feid": "puerto rican pop, reggaeton, trap latino, urbano latino", "Never Gonna Not Dance Again_P!nk": "dance pop, pop", "Dancin' In The Country_Tyler Hubbard": "contemporary country, modern country pop", "Boy's A Liar; Pt. 2_PinkPantheress & Ice Spice": "bedroom pop", "X Si Volvemos_Karol G x Romeo Santos": "reggaeton, reggaeton colombiano, trap latino, urbano latino", "PRC_Peso Pluma X Natanael Cano": "", "Watch The World Burn_Falling In Reverse": "alternative metal, pop punk, rap metal", "In Ha Mood_Ice Spice": "bronx drill", "Yandel 150_Yandel & Feid": "latin hip hop, reggaeton, trap latino, urbano latino", "Love You Anyway_Luke Combs": "contemporary country, country", "Umbrella_Rihanna Featuring Jay-Z": "swedish electropop", "Lost_Linkin Park": "alternative metal, nu metal, post-grunge, rap metal, rock", "Diamonds_Rihanna": "barbadian pop, pop, urban contemporary", "We Found Love_Rihanna Featuring Calvin Harris": "barbadian pop, pop, urban contemporary", "Special_Lizzo Featuring SZA": "pop, r&b, rap", "Fix'n To Break_Bailey Zimmerman": "contemporary country, modern country pop", "Forever_Lil Baby Featuring Fridayy": "atl hip hop, atl trap, rap, trap", "Painting Pictures_Superstar Pride": "southern hip hop", "Hope_NF": "hip hop, pop rap", "Favorite Song_Toosii": "north carolina hip hop", "Watch This (ARIZONATEARS Pluggnb Remix)_Lil Uzi Vert": "hip hop, melodic rap, philly rap, rage rap, rap, trap", "Heaven_Niall Horan": "pop", "No Time Wasted_Polo G & Future": "chicago rap, rap", "Ceilings_Lizzy McAlpine": "alt z, boston folk, indie pop, singer-songwriter pop", "Trance_Metro Boomin| Travis Scott & Young Thug": "hip hop, rap", "Lottery_Latto Featuring LU KALA": "trap queen", "Trustfall_P!nk": "dance pop, pop", "Slut Me Out_NLE Choppa": "memphis hip hop, rap", "Gold_Dierks Bentley": "contemporary country, country, country road, modern country rock", "TQG_Karol G x Shakira": "reggaeton, reggaeton colombiano, trap latino, urbano latino", "Kant Nobody_Lil Wayne Featuring DMX": "hip hop, new orleans rap, pop rap, rap, trap", "Mientras Me Curo del Cora_Karol G": "reggaeton, reggaeton colombiano, trap latino, urbano latino", "Gucci Los Panos_Karol G": "reggaeton, reggaeton colombiano, trap latino, urbano latino", "Private Landing_Don Toliver Featuring Justin Bieber & Future": "pop rap, rap, trap", "Tus Gafitas_Karol G": "reggaeton, reggaeton colombiano, trap latino, urbano latino", "Gatubela_Karol G x Maldy": "reggaeton, reggaeton colombiano, trap latino, urbano latino", "No More Talk_Yeat": "pluggnb, rage rap", "Split_Yeat": "pluggnb, rage rap", "Cairo_Karol G & Ovy On The Drums": "reggaeton, reggaeton colombiano, trap latino, urbano latino", "Shmunk_Yeat Featuring YoungBoy Never Broke Again": "pluggnb, rage rap", "Pero Tu_Karol G & Quevedo": "reggaeton, reggaeton colombiano, trap latino, urbano latino", "Dirt_Key Glock": "memphis hip hop, rap, southern hip hop, tennessee hip hop, trap", "Joe_Luke Combs": "contemporary country, country", "Ojos Ferrari_Karol G| Justin Quiles & Angel Dior": "reggaeton, reggaeton colombiano, trap latino, urbano latino", "Besties_Karol G": "reggaeton, reggaeton colombiano, trap latino, urbano latino", "Manana Sera Bonito_Karol G & Carla Morrison": "reggaeton, reggaeton colombiano, trap latino, urbano latino", "Die 4 Me_Halsey": "electropop, etherpop, indie poptimism, pop", "Thinkin' Bout Me_Morgan Wallen": "contemporary country", "Ain't That Some_Morgan Wallen": "contemporary country", "Red Ruby Da Sleeze_Nicki Minaj": "hip pop, pop, queens hip hop, rap", "Man Made A Bar_Morgan Wallen Featuring Eric Church": "contemporary country", "'98 Braves_Morgan Wallen": "contemporary country", "Devil Don't Know_Morgan Wallen": "contemporary country", "Sunrise_Morgan Wallen": "contemporary country", "Born With A Beer In My Hand_Morgan Wallen": "contemporary country", "Whiskey Friends_Morgan Wallen": "contemporary country", "Tennessee Numbers_Morgan Wallen": "contemporary country", "Cowgirls_Morgan Wallen Featuring ERNEST": "contemporary country", "Hope That's True_Morgan Wallen": "contemporary country", "Dying Man_Morgan Wallen": "contemporary country", "Keith Whitley_Morgan Wallen": "contemporary country", "In The Bible_Morgan Wallen Featuring HARDY": "contemporary country", "Neon Star (Country Boy Lullaby)_Morgan Wallen": "contemporary country", "Me + All Your Reasons_Morgan Wallen": "contemporary country", "I Deserve A Drink_Morgan Wallen": "contemporary country", "F150-50_Morgan Wallen": "contemporary country", "Single Than She Was_Morgan Wallen": "contemporary country", "Wine Into Water_Morgan Wallen": "contemporary country", "On The Street_j-hope With J. Cole": "k-pop, k-rap", "Days That End In Why_Morgan Wallen": "contemporary country", "180 (Lifestyle)_Morgan Wallen": "contemporary country", "Last Drive Down Main_Morgan Wallen": "contemporary country", "Good Girl Gone Missin'_Morgan Wallen": "contemporary country", "Me To Me_Morgan Wallen": "contemporary country", "Money On Me_Morgan Wallen": "contemporary country", "Had It_Morgan Wallen": "contemporary country", "Outlook_Morgan Wallen": "contemporary country", "Don't Think Jesus_Morgan Wallen": "contemporary country", "River_Miley Cyrus": "pop", "Jaded_Miley Cyrus": "pop", "Thousand Miles_Miley Cyrus Featuring Brandi Carlile": "lilith, neo mellow, piano rock, pop rock, post-teen pop", "Rose Colored Lenses_Miley Cyrus": "pop", "Por Las Noches_Peso Pluma": "corridos tumbados, sad sierreno", "All Of The Girls You Loved Before_Taylor Swift": "pop", "Ella Baila Sola_Eslabon Armado X Peso Pluma": "", "Set Me Free; Pt. 2_Jimin": "k-pop", "5 Leaf Clover_Luke Combs": "contemporary country, country", "Eat Your Young_Hozier": "irish singer-songwriter, modern rock, pov: indie", "La Bebe_Yng Lvcas x Peso Pluma": "reggaeton, urbano mexicano", "El Gordo Trae El Mando_Chino Pacas": "corrido, corridos tumbados, sierreno", "Coco Chanel_Eladio Carrion & Bad Bunny": "trap boricua, trap latino, trap triste, urbano latino", "ICU_Coco Jones": "", "Moonlight_Kali Uchis": "colombian pop", "Death_Melanie Martinez": "alt z, electropop, pop", "Nasty_Russ": "hawaiian hip hop, pop rap", "Cupid_Fifty Fifty": "k-pop girl group", "Like Crazy_Jimin": "k-pop", "Eyes Closed_Ed Sheeran": "pop, singer-songwriter pop, uk pop", "Fast Car_Luke Combs": "contemporary country, country", "Low Down_Lil Baby": "atl hip hop, atl trap, rap, trap", "Beso_Rosalia & Rauw Alejandro": "pop, r&b en espanol", "Don't Play With It_Lola Brooke X Latto X Yung Miami Or Featuring Billy B": "trap queen", "Dogtooth_Tyler| The Creator": "hip hop, rap", "The Light_Juice WRLD": "chicago rap, melodic rap, rap", "Ch y La Pizza_Fuerza Regida X Natanael Cano": "corrido, corridos tumbados, sad sierreno, sierreno", "Memory Lane_Old Dominion": "contemporary country, country, country road, modern country rock", "Fight The Feeling_Rod Wave": "florida rap", "Sorry Not Sorry_Tyler| The Creator": "hip hop, rap", "Void_Melanie Martinez": "alt z, electropop, pop", "Need A Favor_Jelly Roll": "country rap, nashville hip hop, tennessee hip hop", "WHARF TALK_Tyler| The Creator Featuring A$AP Rocky": "", "I Know_Kanii": "bedroom r&b, sped up", "Hot Boy_Nardo Wick Featuring Lil Baby": "florida drill, florida rap, southern hip hop", "Search & Rescue_Drake": "canadian hip hop, canadian pop, hip hop, pop rap, rap", "Happy_NF": "hip hop, pop rap", "Strike (Holster)_Lil Yachty": "atl hip hop, melodic rap, rap, trap", "Peaches_Jack Black": "comedy rock, comic", "Careful_NF & Cordae": "hip hop, pop rap", "El Azul_Junior H x Peso Pluma": "corrido, corridos tumbados, musica mexicana, sad sierreno, sierreno", "Never Felt So Alone_Labrinth": "indie poptimism, pop", "WTF_YoungBoy Never Broke Again Featuring Nicki Minaj": "florida drill, florida rap", "Princess Diana_Ice Spice & Nicki Minaj": "bronx drill", "Chemical_Post Malone": "dfw rap, melodic rap, pop, rap", "Un x100to_Grupo Frontera X Bad Bunny": "musica chihuahuense", "Daylight_David Kushner": "gen z singer-songwriter, singer-songwriter pop", "See You Again_Tyler| The Creator Featuring Kali Uchis": "hip hop, rap", "Chanel_Becky G & Peso Pluma": "latin pop, latin viral pop, rap latina, reggaeton, trap latino, urbano latino", "Igualito A Mi Apa_Fuerza Regida & Peso Pluma": "corrido, corridos tumbados, sad sierreno, sierreno", "Di Que Si_Grupo Marca Registrada X Grupo Frontera": "corrido, norteno, sad sierreno", "It Matters To Her_Scotty McCreery": "contemporary country, country, country road, modern country rock", "Double Fantasy_The Weeknd Featuring Future": "canadian contemporary r&b, canadian pop, pop", "Alone_Kim Petras Featuring Nicki Minaj": "alt z, pop, transpop", "Haegeum_Agust D": "k-rap", "Karma_Taylor Swift Featuring Ice Spice": "pop", "Fragil_Yahritza y Su Esencia x Grupo Frontera": "sad sierreno", "Big Truck_YoungBoy Never Broke Again": "baton rouge rap, rap", "They Don't Love It_Jack Harlow": "deep underground hip hop, kentucky hip hop, pop rap, rap", "Wreckage_Nate Smith": "contemporary country, modern country pop", "Waffle House_Jonas Brothers": "boy band, pop", "People_Libianca": "afrobeats", "Common Ground_Jack Harlow": "deep underground hip hop, kentucky hip hop, pop rap, rap", "Area Codes_Kaliii": "rap, viral rap", "Go Hard_Lil Baby": "atl hip hop, atl trap, rap, trap", "Religiously_Bailey Zimmerman": "contemporary country, modern country pop", "Mejor Que Yo_Anuel AA| Mambo Kingz & DJ Luian": "reggaeton, reggaeton flow, trap boricua, trap latino, urbano latino", "You; Me; & Whiskey_Justin Moore & Priscilla Block": "arkansas country, contemporary country, country, country road, modern country rock", "Mathematical Disrespect_Lil Mabu": "", "Shake Sumn_DaBaby": "hip hop, north carolina hip hop, pop rap, rap, trap", "Curtains_Ed Sheeran": "pop, singer-songwriter pop, uk pop", "What It Is (Block Boy)_Doechii Featuring Kodak Black": "alternative r&b", "All My Life_Lil Durk Featuring J. Cole": "contemporary r&b, r&b, urban contemporary", "Bitch Let's Do It_YoungBoy Never Broke Again": "baton rouge rap, rap", "Life Goes On_Ed Sheeran Featuring Luke Combs": "atl hip hop, atl trap, rap, trap", "Acrostico_Shakira": "colombian pop, dance pop, latin pop, pop", "Bury Me In Georgia_Kane Brown": "black americana, contemporary country, country, country road", "F**k The Industry Pt. 2_YoungBoy Never Broke Again": "baton rouge rap, rap", "Everything She Ain't_Hailey Whitters": "contemporary country, country pop, modern country pop", "Your Heart Or Mine_Jon Pardi": "contemporary country, country, country road, modern country rock", "I Heard_YoungBoy Never Broke Again": "baton rouge rap, rap", "Where She Goes_Bad Bunny": "reggaeton, trap latino, urbano latino", "TQM_Fuerza Regida": "corrido, corridos tumbados, sad sierreno, sierreno", "Mourning_Post Malone": "dfw rap, melodic rap, pop, rap", "America Has A Problem_Beyonce Featuring Kendrick Lamar": "pop, r&b", "Cruel Summer_Taylor Swift": "pop", "Say Yes To Heaven_Lana Del Rey": "art pop, pop", "To Summer; From Cole (Audio Hug)_Summer Walker & J. Cole": "r&b, rap", "Angel; Pt. 1_Kodak Black| NLE Choppa| Jimin| JVKE & Muni Long": "florida drill, florida rap, melodic rap, miami hip hop, rap, trap, trap latino", "You_Dan + Shay": "contemporary country, country, country road", "Baby Don't Hurt Me_David Guetta| Anne-Marie & Coi Leray": "big room, dance pop, edm, pop, pop dance", "Stand By Me_Lil Durk Featuring Morgan Wallen": "chicago drill, chicago rap, drill, hip hop, rap, trap", "Hits Different_Taylor Swift": "pop", "Snow On The Beach_Taylor Swift Featuring Lana Del Rey": "pop", "Pelle Coat_Lil Durk": "chicago drill, chicago rap, drill, hip hop, rap, trap", "War Bout It_Lil Durk Featuring 21 Savage": "chicago drill, chicago rap, drill, hip hop, rap, trap", "Dance The Night_Dua Lipa": "dance pop, pop, uk pop", "Bye_Peso Pluma": "corridos tumbados, sad sierreno", "Never Imagined_Lil Durk Featuring Future": "chicago drill, chicago rap, drill, hip hop, rap, trap", "Never Again_Lil Durk": "chicago drill, chicago rap, drill, hip hop, rap, trap", "Pound Town 2_Sexyy Red & Tay Keith & Nicki Minaj": "trap queen", "Big Dawg_Lil Durk & Chief Wuk": "chicago drill, chicago rap, drill, hip hop, rap, trap", "Cross The Globe_Lil Durk Featuring Juice WRLD": "chicago drill, chicago rap, drill, hip hop, rap, trap", "Put Em On Ice_Lil Durk": "chicago drill, chicago rap, drill, hip hop, rap, trap", "300 Urus_Lil Durk": "chicago drill, chicago rap, drill, hip hop, rap, trap", "Sad Songs_Lil Durk": "chicago drill, chicago rap, drill, hip hop, rap, trap", "Grandson_Lil Durk Featuring Kodak Black": "modern alternative rock, modern rock, rock", "Before Fajr_Lil Durk": "chicago drill, chicago rap, drill, hip hop, rap, trap", "B12_Lil Durk": "chicago drill, chicago rap, drill, hip hop, rap, trap", "You Got Em_Lil Durk": "chicago drill, chicago rap, drill, hip hop, rap, trap", "Put It On Da Floor Again_Latto Featuring Cardi B": "trap queen", "Bzrp Music Sessions; Vol. 55_Bizarrap & Peso Pluma": "argentine hip hop, pop venezolano, trap argentino, trap latino, urbano latino", "Calling_Metro Boomin| Swae Lee & NAV Featuring A Boogie Wit da Hoodie": "hip hop, rap", "Popular_The Weeknd| Playboi Carti & Madonna": "canadian contemporary r&b, canadian pop, pop", "Annihilate_Metro Boomin| Swae Lee| Lil Wayne & Offset": "hip hop, rap", "Bread & Butter_Gunna": "atl hip hop, melodic rap, rap, trap", "Am I Dreaming_Metro Boomin| A$AP Rocky & Roisee": "hip hop, rap", "Keep It Low_Moneybagg Yo Featuring Future": "memphis hip hop, rap, southern hip hop, tennessee hip hop, trap", "All The Way Live_Metro Boomin| Future & Lil Uzi Vert": "hip hop, rap", "Self Love_Metro Boomin & Coi Leray": "hip hop, rap", "Ocean Spray_Moneybagg Yo": "memphis hip hop, rap, southern hip hop, tennessee hip hop, trap", "Save Me_Jelly Roll With Lainey Wilson": "country rap, nashville hip hop, tennessee hip hop", "Hummingbird_Metro Boomin & James Blake": "hip hop, rap", "Peaches & Eggplants_Young Nudy Featuring 21 Savage": "pluggnb, rap, trap", "Danger (Spider)_Offset & JID": "atl hip hop, hip hop, pop rap, rap, trap", "Dial Drunk_Noah Kahan With Post Malone": "pov: indie", "Take Two_BTS": "k-pop, k-pop boy group, pop", "Plebada_El Alfa x Peso Pluma": "dembow, rap dominicano, trap latino, urbano latino", "Truck Bed_HARDY": "contemporary country, modern country pop", "The Hillbillies_Baby Keem & Kendrick Lamar": "hip hop, rap", "Fukumean_Gunna": "atl hip hop, melodic rap, rap, trap", "Back To The Moon_Gunna": "atl hip hop, melodic rap, rap, trap", "Attention_Doja Cat": "dance pop, pop", "Rodeo Dr_Gunna": "atl hip hop, melodic rap, rap, trap", "Back At It_Gunna": "atl hip hop, melodic rap, rap, trap", "Ca$h $hit_Gunna": "atl hip hop, melodic rap, rap, trap", "Bottom_Gunna": "atl hip hop, melodic rap, rap, trap", "IDK NoMore_Gunna": "atl hip hop, melodic rap, rap, trap", "P Angels_Gunna": "atl hip hop, melodic rap, rap, trap", "Paybach_Gunna": "atl hip hop, melodic rap, rap, trap", "Go Crazy_Gunna": "atl hip hop, melodic rap, rap, trap", "Girl In Mine_Parmalee": "contemporary country, country road, modern country rock, modern uplift", "Classy 101_Feid x Young Miko": "colombian pop, pop reggaeton, reggaeton, reggaeton colombiano, trap latino, urbano latino", "Bluffin_Gucci Mane & Lil Baby": "atl hip hop, dirty south rap, hip hop, pop rap, rap, southern hip hop, trap", "Barbie World_Nicki Minaj & Ice Spice With Aqua": "hip pop, pop, queens hip hop, rap", "Oh U Went_Young Thug Featuring Drake": "atl hip hop, atl trap, gangster rap, melodic rap, rap, trap", "Sabor Fresa_Fuerza Regida": "corrido, corridos tumbados, sad sierreno, sierreno", "Luna_Peso Pluma & Junior H": "corridos tumbados, sad sierreno", "Lady Gaga_Peso Pluma| Gabito Ballesteros & Junior H": "corridos tumbados, sad sierreno", "Parade On Cleveland_Young Thug Featuring Drake": "atl hip hop, atl trap, gangster rap, melodic rap, rap, trap", "Cars Bring Me Out_Young Thug Featuring Future": "atl hip hop, atl trap, gangster rap, melodic rap, rap, trap", "VVS_Peso Pluma| Edgardo Nunez & Los Dareyes de La Sierra": "corridos tumbados, sad sierreno", "Wit Da Racks_Young Thug Featuring 21 Savage| Travis Scott & Yak Gotti": "atl hip hop, atl trap, gangster rap, melodic rap, rap, trap", "Doomsday._Juice WRLD & Cordae": "", "Want Me Dead_Young Thug Featuring 21 Savage": "pluggnb", "Rubicon_Peso Pluma": "corridos tumbados, sad sierreno", "Hellcat Kenny_Young Thug Featuring Lil Uzi Vert": "chicago rap", "Money On The Dresser_Young Thug": "atl hip hop, atl trap, gangster rap, melodic rap, rap, trap", "Uncle M_Young Thug": "atl hip hop, atl trap, gangster rap, melodic rap, rap, trap", "Nueva Vida_Peso Pluma": "corridos tumbados, sad sierreno", "Watermelon Moonshine_Lainey Wilson": "contemporary country, modern country pop", "Lagunas_Peso Pluma & Jasiel Nunez": "corridos tumbados, sad sierreno", "Rosa Pastel_Peso Pluma & Jasiel Nunez": "corridos tumbados, sad sierreno", "Abracadabra_Young Thug Featuring Travis Scott": "atl hip hop, atl trap, gangster rap, melodic rap, rap, trap", "Gucci Grocery Bag_Young Thug": "atl hip hop, atl trap, gangster rap, melodic rap, rap, trap", "Vampire_Olivia Rodrigo": "pop", "Flooded The Face_Lil Uzi Vert": "hip hop, melodic rap, philly rap, rage rap, rap, trap", "Endless Fashion_Lil Uzi Vert Featuring Nicki Minaj": "hip hop, melodic rap, philly rap, rage rap, rap, trap", "Suicide Doors_Lil Uzi Vert": "hip hop, melodic rap, philly rap, rage rap, rap, trap", "Aye_Lil Uzi Vert Featuring Travis Scott": "hip hop, melodic rap, philly rap, rage rap, rap, trap", "Tulum_Peso Pluma & Grupo Frontera": "corridos tumbados, sad sierreno", "I Gotta_Lil Uzi Vert": "hip hop, melodic rap, philly rap, rage rap, rap, trap", "Party In The U.S.A._Miley Cyrus": "pop", "Spin Again_Lil Uzi Vert": "hip hop, melodic rap, philly rap, rage rap, rap, trap", "Crush Em_Lil Uzi Vert": "hip hop, melodic rap, philly rap, rage rap, rap, trap", "X2_Lil Uzi Vert": "hip hop, melodic rap, philly rap, rage rap, rap, trap", "Mojabi Ghost_Tainy & Bad Bunny": "pop reggaeton, reggaeton, trap latino, urbano latino", "Pluto To Mars_Lil Uzi Vert": "hip hop, melodic rap, philly rap, rage rap, rap, trap", "Mama; I'm Sorry_Lil Uzi Vert": "hip hop, melodic rap, philly rap, rage rap, rap, trap", "Amped_Lil Uzi Vert": "hip hop, melodic rap, philly rap, rage rap, rap, trap", "Patience_Lil Uzi Vert Featuring Don Toliver": "hip hop, melodic rap, philly rap, rage rap, rap, trap", "Nakamura_Lil Uzi Vert": "hip hop, melodic rap, philly rap, rage rap, rap, trap", "All Alone_Lil Uzi Vert": "hip hop, melodic rap, philly rap, rage rap, rap, trap", "Died And Came Back_Lil Uzi Vert": "hip hop, melodic rap, philly rap, rage rap, rap, trap", "Werewolf_Lil Uzi Vert Featuring Bring Me The Horizon": "hip hop, melodic rap, philly rap, rage rap, rap, trap", "Zoom_Lil Uzi Vert": "hip hop, melodic rap, philly rap, rage rap, rap, trap", "That Fiya_Lil Uzi Vert": "hip hop, melodic rap, philly rap, rage rap, rap, trap", "We Didn't Start The Fire_Fall Out Boy": "emo, modern rock, pop, rock", "I Can See You (Taylor's Version) (From The Vault)_Taylor Swift": "pop", "Mine (Taylor's Version)_Taylor Swift": "pop", "Back To December (Taylor's Version)_Taylor Swift": "pop", "Enchanted (Taylor's Version)_Taylor Swift": "pop", "Sparks Fly (Taylor's Version)_Taylor Swift": "pop", "Dear John (Taylor's Version)_Taylor Swift": "pop", "Better Than Revenge (Taylor's Version)_Taylor Swift": "pop", "Castles Crumbling (Taylor's Version) (From The Vault)_Taylor Swift Featuring Hayley Williams": "pop", "Speak Now (Taylor's Version)_Taylor Swift": "pop", "When Emma Falls In Love (Taylor's Version) (From The Vault)_Taylor Swift": "pop", "Electric Touch (Taylor's Version) (From The Vault)_Taylor Swift Featuring Fall Out Boy": "pop", "Mean (Taylor's Version)_Taylor Swift": "pop", "Foolish One (Taylor's Version) (From The Vault)_Taylor Swift": "pop", "The Story Of Us (Taylor's Version)_Taylor Swift": "pop", "Timeless (Taylor's Version) (From The Vault)_Taylor Swift": "pop", "Haunted (Taylor's Version)_Taylor Swift": "pop", "Long Live (Taylor's Version)_Taylor Swift": "pop", "Last Kiss (Taylor's Version)_Taylor Swift": "pop", "Never Grow Up (Taylor's Version)_Taylor Swift": "pop", "Innocent (Taylor's Version)_Taylor Swift": "pop", "Super Shy_NewJeans": "k-pop, k-pop girl group", "Ours (Taylor's Version)_Taylor Swift": "pop", "Superman (Taylor's Version)_Taylor Swift": "pop", "Point Me 2_FendiDa Rappa With Cardi B": "", "LaLa_Myke Towers": "reggaeton, trap latino, urbano latino", "Seven_Jung Kook Featuring Latto": "k-pop", "Try That In A Small Town_Jason Aldean": "contemporary country, country, country road, modern country rock", "What Was I Made For?_Billie Eilish": "art pop, pop", "Overdrive_Post Malone": "dfw rap, melodic rap, pop, rap", "S91_Karol G": "reggaeton, reggaeton colombiano, trap latino, urbano latino", "Rush_Troye Sivan": "australian pop, pop, viral pop", "Save Me The Trouble_Dan + Shay": "contemporary country, country, country road", "Turn Yo Clic Up_Quavo & Future": "atl hip hop, melodic rap, rap, trap", "Quema_Ryan Castro x Pe$o Pluma": "reggaeton, trap colombiano, trap latino, urbano latino", "Angels Don't Always Have Wings_Thomas Rhett": "contemporary country, country, country road, modern country rock", "Thang For You_Rylo Rodriguez Featuring NoCap": "alabama rap, atl trap, tennessee hip hop", "Johnny Dang_That Mexican OT| Paul Wall & DRODi": "texas latin rap", "K-POP_Travis Scott| Bad Bunny & The Weeknd": "hip hop, rap, slap house", "White Horse_Chris Stapleton": "contemporary country, outlaw country", "Deli_Ice Spice": "bronx drill", "Heartbroken_Diplo| Jessie Murph & Polo G": "dance pop, edm, electro house, moombahton, pop dance", "Speed Drive_Charli XCX": "art pop, candy pop, metropopolis, pop, uk pop", "ETA_NewJeans": "k-pop, k-pop girl group", "I'm Just Ken_Ryan Gosling": "hollywood", "Oklahoma Smokeshow_Zach Bryan": "classic oklahoma country", "But I Got A Beer In My Hand_Luke Bryan": "contemporary country, country, country road, modern country rock", "Cool With You_NewJeans": "k-pop, k-pop girl group", "Talibans II_Burna Boy & Byron Messia": "afrobeats, azontobeats, dancehall, nigerian hip hop, nigerian pop", "Equal Dirt_Rylo Rodriguez": "alabama rap, atl trap, tennessee hip hop", "Meltdown_Travis Scott Featuring Drake": "pop", "FE!N_Travis Scott Featuring Playboi Carti": "hip hop, rap, slap house", "I Know ?_Travis Scott": "hip hop, rap, slap house", "Hyaena_Travis Scott": "hip hop, rap, slap house", "Thank God_Travis Scott": "hip hop, rap, slap house", "Topia Twins_Travis Scott Featuring Rob49 & 21 Savage": "hip hop, rap, slap house", "My Eyes_Travis Scott": "hip hop, rap, slap house", "Modern Jam_Travis Scott Featuring Teezo Touchdown": "", "Delresto (Echoes)_Travis Scott & Beyonce": "hip hop, rap, slap house", "Telekinesis_Travis Scott Featuring SZA & Future": "hip hop, rap, slap house", "Sirens_Travis Scott": "hip hop, rap, slap house", "God's Country_Travis Scott": "hip hop, rap, slap house", "Skitzo_Travis Scott Featuring Young Thug": "hip hop, rap, slap house", "Circus Maximus_Travis Scott Featuring The Weeknd & Swae Lee": "hip hop, rap, slap house", "Til Further Notice_Travis Scott Featuring James Blake & 21 Savage": "", "In Your Love_Tyler Childers": "kentucky indie, kentucky roots, outlaw country", "Lost Forever_Travis Scott Featuring Westside Gunn": "hip hop, rap, slap house", "Looove_Travis Scott Featuring Kid Cudi": "hip hop, rap, slap house", "Parasail_Travis Scott Featuring Yung Lean & Dave Chappelle": "hip hop, rap, slap house", "Jealousy_Offset & Cardi B": "atl hip hop, hip hop, pop rap, rap, trap", "Enough Is Enough_Post Malone": "dfw rap, melodic rap, pop, rap", "Something Real_Post Malone": "dfw rap, melodic rap, pop, rap", "On The Radar Freestyle_Drake & Central Cee": "canadian hip hop, canadian pop, hip hop, pop rap, rap", "Too Cool To Die_Post Malone": "dfw rap, melodic rap, pop, rap", "Don't Understand_Post Malone": "dfw rap, melodic rap, pop, rap", "Aqui Te Espero_Ivan Cornejo": "sad sierreno", "Novacandy_Post Malone": "dfw rap, melodic rap, pop, rap", "Paint The Town Red_Doja Cat": "dance pop, pop", "Blank Space_Taylor Swift": "pop", "Good Good_Usher| Summer Walker & 21 Savage": "atl hip hop, contemporary r&b, dance pop, pop, r&b, rap, south carolina hip hop, urban contemporary", "El Amor de Su Vida_Grupo Frontera & Grupo Firme": "musica chihuahuense", "Rich Men North Of Richmond_Oliver Anthony Music": "modern country pop", "Bad Idea Right?_Olivia Rodrigo": "pop", "Mi Ex Tenia Razon_Karol G": "reggaeton, reggaeton colombiano, trap latino, urbano latino", "Qlona_Karol G & Peso Pluma": "", "Supposed To Be Loved_DJ Khaled| Lil Baby| Future & Lil Uzi Vert": "hip hop, miami hip hop, pop rap, rap", "The Painter_Cody Johnson": "classic texas country, contemporary country, modern country pop", "Una Noche En Medellin (Remix)_Karol G| Cris Mj & Ryan Castro": "reggaeton, reggaeton colombiano, trap latino, urbano latino", "Aint Gotta Dollar_Oliver Anthony Music": "modern country pop", "Oki Doki_Karol G": "reggaeton, reggaeton colombiano, trap latino, urbano latino", "Pretty Little Poison_Warren Zeiders": "modern country pop", "Amargura_Karol G": "reggaeton, reggaeton colombiano, trap latino, urbano latino", "Love Me Again_V": "j-division, korean ost", "Mona Lisa_Dominic Fike": "alternative pop rock, pov: indie", "Lose Control_Teddy Swims": "", "Call Your Friends_Rod Wave": "florida rap", "Standing Room Only_Tim McGraw": "contemporary country, country, country road", "Barely Holdin' On_Polo G": "chicago rap, rap", "F*ck U Thought_Lil Durk": "chicago drill, chicago rap, drill, hip hop, rap, trap", "Summer Too Hot_Chris Brown": "r&b, rap", "Burn; Burn; Burn_Zach Bryan": "classic oklahoma country", "I Remember Everything_Zach Bryan Featuring Kacey Musgraves": "classic oklahoma country", "Used To Be Young_Miley Cyrus": "pop", "Hey Driver_Zach Bryan Featuring The War And Treaty": "classic oklahoma country", "Spotless_Zach Bryan Featuring The Lumineers": "classic oklahoma country", "East Side Of Sorrow_Zach Bryan": "classic oklahoma country", "Single Soon_Selena Gomez": "pop, post-teen pop", "Tourniquet_Zach Bryan": "classic oklahoma country", "Overtime_Zach Bryan": "classic oklahoma country", "Summertime's Close_Zach Bryan": "classic oklahoma country", "Fear And Friday's_Zach Bryan": "classic oklahoma country", "Ticking_Zach Bryan": "classic oklahoma country", "El Dorado_Zach Bryan": "classic oklahoma country", "Holy Roller_Zach Bryan Featuring Sierra Ferrell": "classic oklahoma country", "Smaller Acts_Zach Bryan": "classic oklahoma country", "Fear And Friday's (Poem)_Zach Bryan": "classic oklahoma country", "Jake's Piano - Long Island_Zach Bryan": "classic oklahoma country", "Tradesman_Zach Bryan": "classic oklahoma country", "Oklahoman Son_Zach Bryan": "classic oklahoma country", "Sittin' On Top Of The World_Burna Boy": "afrobeats, azontobeats, dancehall, nigerian hip hop, nigerian pop", "There I Go_Gucci Mane Featuring J. Cole & Mike WiLL Made-It": "atl hip hop, dirty south rap, hip hop, pop rap, rap, southern hip hop, trap", "Primera Cita_Carin Leon": "corrido, musica mexicana, sad sierreno, sierreno", "On My Mama_Victoria Monet": "alternative r&b, r&b", "Last Time I Saw You_Nicki Minaj": "hip pop, pop, queens hip hop, rap", "Margaritaville_Jimmy Buffett": "trop rock", "Demons_Doja Cat": "dance pop, pop", "Come See Me_Rod Wave": "florida rap", "Que Onda_Calle 24 x Chino Pacas x Fuerza Regida": "", "SkeeYee_Sexyy Red": "trap queen", "Keep Going Up!_Timbaland| Nelly Furtado & Justin Timberlake": "dance pop, pop, pop rap", "Get Him Back!_Olivia Rodrigo": "pop", "All-American Bitch_Olivia Rodrigo": "pop", "Bongos_Cardi B & Megan Thee Stallion": "pop, rap", "The Grudge_Olivia Rodrigo": "pop", "Making The Bed_Olivia Rodrigo": "pop", "Logical_Olivia Rodrigo": "pop", "Lacy_Olivia Rodrigo": "pop", "Ballad Of A Homeschooled Girl_Olivia Rodrigo": "pop", "Love Is Embarrassing_Olivia Rodrigo": "pop", "Pretty Isn't Pretty_Olivia Rodrigo": "pop", "Teenage Dream_Olivia Rodrigo": "pop", "Slow Dancing_V": "j-division, korean ost", "Bipolar_Peso Pluma x Jasiel Nunez x Junior H": "norteno-sax", "Slime You Out_Drake Featuring SZA": "canadian hip hop, canadian pop, hip hop, pop rap, rap", "Turks & Caicos_Rod Wave Featuring 21 Savage": "florida rap", "Boyz Don't Cry_Rod Wave": "florida rap", "Great Gatsby_Rod Wave": "florida rap", "Greedy_Tate McRae": "pop", "Long Journey_Rod Wave": "florida rap", "Nostalgia_Rod Wave & Wet": "florida rap", "Crazy_Rod Wave": "florida rap", "HG4_Rod Wave": "florida rap", "Checkmate_Rod Wave": "florida rap", "Love For A Thug_Rod Wave": "florida rap", "2018_Rod Wave & Sadie Jean": "florida rap", "Keep It G_Rod Wave": "florida rap", "Pass You By_Rod Wave": "florida rap", "Love Story/Interlude_Rod Wave": "florida rap", "Back Lit_Rod Wave": "florida rap", "Another One Of Me_Diddy| French Montana & The Weeknd Featuring 21 Savage": "dance pop, east coast hip hop, hip hop, hip pop, pop rap, rap", "Strangers_Kenya Grace": "singer-songwriter pop", "Rap Beef_Rod Wave": "florida rap", "Lil Boo Thang_Paul Russell": "indie r&b", "Sarah's Place_Zach Bryan Featuring Noah Kahan": "classic oklahoma country", "Agora Hills_Doja Cat": "dance pop, pop", "Boys Of Faith_Zach Bryan Featuring Bon Iver": "classic oklahoma country", "Deep Satin_Zach Bryan": "classic oklahoma country", "Nine Ball_Zach Bryan": "classic oklahoma country", "El Jefe_Shakira X Fuerza Regida": "colombian pop, dance pop, latin pop, pop", "500lbs_Lil Tecca": "melodic rap, pluggnb, rap", "One More Time_blink-182": "alternative metal, modern rock, pop punk, punk, rock, socal pop punk", "Un Preview_Bad Bunny": "reggaeton, trap latino, urbano latino", "Pain; Sweet; Pain_Zach Bryan": "classic oklahoma country", "My Love Mine All Mine_Mitski": "brooklyn indie, pov: indie", "Segun Quien_Maluma & Carin Leon": "latin pop, reggaeton, reggaeton colombiano, trap latino, urbano latino", "HVN On Earth_Lil Tecca & Kodak Black": "melodic rap, pluggnb, rap", "Can't Have Mine_Dylan Scott": "contemporary country, country road, modern country rock", "3D_Jung Kook & Jack Harlow": "k-pop", "Better Place_*NSYNC": "boy band, dance pop, pop", "Mamaw's House_Thomas Rhett Featuring Morgan Wallen": "contemporary country, country, country road, modern country rock", "Water_Tyla": "", "Stick Season_Noah Kahan": "pov: indie", "Shaq & Kobe_Rick Ross & Meek Mill": "dirty south rap, gangster rap, hip hop, rap, southern hip hop, trap", "Stars Like Confetti_Dustin Lynch": "contemporary country, country, country road, modern country rock", "God Gave Me A Girl_Russell Dickerson": "contemporary country, country, country road, modern country rock", "The Secret Recipe_Lil Yachty & J. Cole": "atl hip hop, melodic rap, rap, trap", "First Person Shooter_Drake Featuring J. Cole": "canadian hip hop, canadian pop, hip hop, pop rap, rap", "IDGAF_Drake Featuring Yeat": "canadian hip hop, canadian pop, hip hop, pop rap, rap", "Virginia Beach_Drake": "canadian hip hop, canadian pop, hip hop, pop rap, rap", "Calling For You_Drake Featuring 21 Savage": "canadian hip hop, canadian pop, hip hop, pop rap, rap", "Daylight_Drake": "canadian hip hop, canadian pop, hip hop, pop rap, rap", "Fear Of Heights_Drake": "canadian hip hop, canadian pop, hip hop, pop rap, rap", "Rich Baby Daddy_Drake Featuring Sexyy Red & SZA": "canadian hip hop, canadian pop, hip hop, pop rap, rap", "Gently_Drake Featuring Bad Bunny": "alt z", "Amen_Drake Featuring Teezo Touchdown": "", "7969 Santa_Drake": "canadian hip hop, canadian pop, hip hop, pop rap, rap", "8am In Charlotte_Drake": "canadian hip hop, canadian pop, hip hop, pop rap, rap", "What Would Pluto Do_Drake": "canadian hip hop, canadian pop, hip hop, pop rap, rap", "Bahamas Promises_Drake": "canadian hip hop, canadian pop, hip hop, pop rap, rap", "Tried Our Best_Drake": "canadian hip hop, canadian pop, hip hop, pop rap, rap", "Members Only_Drake Featuring PARTYNEXTDOOR": "canadian hip hop, canadian pop, hip hop, pop rap, rap", "All The Parties_Drake Featuring Chief Keef": "canadian hip hop, canadian pop, hip hop, pop rap, rap", "Drew A Picasso_Drake": "canadian hip hop, canadian pop, hip hop, pop rap, rap", "Another Late Night_Drake Featuring Lil Yachty": "canadian hip hop, canadian pop, hip hop, pop rap, rap", "Away From Home_Drake": "canadian hip hop, canadian pop, hip hop, pop rap, rap", "BBL Love Interlude_Drake": "canadian hip hop, canadian pop, hip hop, pop rap, rap", "Polar Opposites_Drake": "canadian hip hop, canadian pop, hip hop, pop rap, rap", "Screw The World Interlude_Drake": "canadian hip hop, canadian pop, hip hop, pop rap, rap", "Wild Ones_Jessie Murph & Jelly Roll": "modern country pop, singer-songwriter pop", "She Calls Me Back_Noah Kahan With Kacey Musgraves": "pov: indie", "Y Lloro_Junior H": "corrido, corridos tumbados, musica mexicana, sad sierreno, sierreno", "Monaco_Bad Bunny": "reggaeton, trap latino, urbano latino", "Fina_Bad Bunny & Young Miko": "reggaeton, trap latino, urbano latino", "Perro Negro_Bad Bunny & Feid": "reggaeton, trap latino, urbano latino", "Nadie Sabe_Bad Bunny": "reggaeton, trap latino, urbano latino", "Hibiki_Bad Bunny & Mora": "reggaeton, trap latino, urbano latino", "Mr. October_Bad Bunny": "reggaeton, trap latino, urbano latino", "Cybertruck_Bad Bunny": "reggaeton, trap latino, urbano latino", "Telefono Nuevo_Bad Bunny & Luar La L": "reggaeton, trap latino, urbano latino", "Baby Nueva_Bad Bunny": "reggaeton, trap latino, urbano latino", "Seda_Bad Bunny & Bryant Myers": "reggaeton, trap latino, urbano latino", "Say My Grace_Offset Featuring Travis Scott": "atl hip hop, hip hop, pop rap, rap, trap", "Gracias Por Nada_Bad Bunny": "reggaeton, trap latino, urbano latino", "Vou 787_Bad Bunny": "reggaeton, trap latino, urbano latino", "Mercedes Carota_Bad Bunny & YOVNGCHIMI": "reggaeton, trap latino, urbano latino", "Los Pits_Bad Bunny": "reggaeton, trap latino, urbano latino", "No Me Quiero Casar_Bad Bunny": "reggaeton, trap latino, urbano latino", "Vuelve Candy B_Bad Bunny": "reggaeton, trap latino, urbano latino", "Baticano_Bad Bunny": "reggaeton, trap latino, urbano latino", "Thunder y Lightning_Bad Bunny & Eladio Carrion": "reggaeton, trap latino, urbano latino", "Acho PR_Bad Bunny| Arcangel| De La Ghetto & Nengo Flow": "reggaeton, trap latino, urbano latino", "Worth It_Offset & Don Toliver": "atl hip hop, hip hop, pop rap, rap, trap", "Too Much_The Kid LAROI| Jung Kook & Central Cee": "australian hip hop", "Burn It Down_Parker McCollum": "classic texas country, contemporary country, modern country pop, texas country", "One Of Your Girls_Troye Sivan": "australian pop, pop, viral pop", "Is It Over Now? (Taylor's Version) [From The Vault]_Taylor Swift": "pop", "Now That We Don't Talk (Taylor's Version) [From The Vault]_Taylor Swift": "pop", "Slut! (Taylor's Version) [From The Vault]_Taylor Swift": "pop", "Say Don't Go (Taylor's Version) [From The Vault]_Taylor Swift": "pop", "Bad Blood (Taylor's Version)_Taylor Swift": "pop", "Style (Taylor's Version)_Taylor Swift": "pop", "Suburban Legends (Taylor's Version) [From The Vault]_Taylor Swift": "pop", "Blank Space (Taylor's Version)_Taylor Swift": "pop", "Welcome To New York (Taylor's Version)_Taylor Swift": "pop", "Out Of The Woods (Taylor's Version)_Taylor Swift": "pop", "Wildest Dreams (Taylor's Version)_Taylor Swift": "pop", "All You Had To Do Was Stay (Taylor's Version)_Taylor Swift": "pop", "Thriller_Michael Jackson": "r&b, soul", "Shake It Off (Taylor's Version)_Taylor Swift": "pop", "New Romantics (Taylor's Version)_Taylor Swift": "pop", "Clean (Taylor's Version)_Taylor Swift": "pop", "I Wish You Would (Taylor's Version)_Taylor Swift": "pop", "I Know Places (Taylor's Version)_Taylor Swift": "pop", "Monster Mash_Bobby \"Boris\" Pickett And The Crypt-Kickers": "halloween, novelty", "Wonderland (Taylor's Version)_Taylor Swift": "pop", "How You Get The Girl (Taylor's Version)_Taylor Swift": "pop", "This Is Halloween_The Citizens of Halloween": "halloween", "This Love (Taylor's Version)_Taylor Swift": "pop", "You Are In Love (Taylor's Version)_Taylor Swift": "pop", "Ghostbusters_Ray Parker Jr.": "theme", "World On Fire_Nate Smith": "contemporary country, modern country pop", "Mr. Take Ya B*tch_Lil Mabu & chriseanrock": "", "Standing Next To You_Jung Kook": "k-pop", "Now And Then_The Beatles": "british invasion, classic rock, merseybeat, psychedelic rock, rock", "Cobra_Megan Thee Stallion": "houston rap, pop, r&b, rap, trap queen", "Harley Quinn_Fuerza Regida & Marshmello": "corrido, corridos tumbados, sad sierreno, sierreno", "Can't Catch Me Now_Olivia Rodrigo": "pop", "Bleed_The Kid LAROI": "australian hip hop", "We Don't Fight Anymore_Carly Pearce Featuring Chris Stapleton": "contemporary country, country, country road", "Lovin On Me_Jack Harlow": "deep underground hip hop, kentucky hip hop, pop rap, rap", "Houdini_Dua Lipa": "dance pop, pop, uk pop", "Northern Attitude_Noah Kahan With Hozier": "pov: indie", "LALALALA_Stray Kids": "k-pop, k-pop boy group, pop", "Smurk Carter_Lil Durk": "chicago drill, chicago rap, drill, hip hop, rap, trap", "Different 'Round Here_Riley Green Featuring Luke Combs": "contemporary country, country road, modern country pop, modern country rock", "Better Than Ever_YoungBoy Never Broke Again & Rod Wave": "baton rouge rap, rap", "Soak City (Do It)_310babii": "", "You Broke My Heart_Drake": "canadian hip hop, canadian pop, hip hop, pop rap, rap", "Evil Ways_Drake Featuring J. Cole": "canadian hip hop, canadian pop, hip hop, pop rap, rap", "Exes_Tate McRae": "pop", "Red Button_Drake": "canadian hip hop, canadian pop, hip hop, pop rap, rap", "The Shoe Fits_Drake": "canadian hip hop, canadian pop, hip hop, pop rap, rap", "Stories About My Brother_Drake": "canadian hip hop, canadian pop, hip hop, pop rap, rap", "Wick Man_Drake": "canadian hip hop, canadian pop, hip hop, pop rap, rap", "Where The Wild Things Are_Luke Combs": "contemporary country, country", "I Swear; I Really Wanted To Make A \"Rap\" Album But..._Andre 3000": "atl hip hop, dirty south rap, hip hop, southern hip hop", "Surround Sound_JID Featuring 21 Savage & Baby Tate": "hip hop, pop rap, rap, underground hip hop", "You're Losing Me (From The Vault)_Taylor Swift": "pop", "Labios Mordidos_Kali Uchis & Karol G": "colombian pop", "My House_Beyonce": "pop, r&b", "Everywhere; Everything_Noah Kahan With Gracie Abrams": "pov: indie", "Mmhmm_BigXthaPlug": "southern hip hop", "Feather_Sabrina Carpenter": "pop", "Everybody_Nicki Minaj Featuring Lil Uzi Vert": "hip pop, pop, queens hip hop, rap", "Needle_Nicki Minaj Featuring Drake": "hip pop, pop, queens hip hop, rap", "FTCU_Nicki Minaj": "hip pop, pop, queens hip hop, rap", "Like It's Christmas_Jonas Brothers": "boy band, pop", "Barbie Dangerous_Nicki Minaj": "hip pop, pop, queens hip hop, rap", "Are You Gone Already_Nicki Minaj": "hip pop, pop, queens hip hop, rap", "Let Me Calm Down_Nicki Minaj Featuring J. Cole": "hip pop, pop, queens hip hop, rap", "Beep Beep_Nicki Minaj": "hip pop, pop, queens hip hop, rap", "Run For The Hills_Tate McRae": "pop", "Big Difference_Nicki Minaj": "hip pop, pop, queens hip hop, rap", "Fallin 4 U_Nicki Minaj": "hip pop, pop, queens hip hop, rap", "RNB_Nicki Minaj Featuring Lil Wayne & Tate Kobang": "memphis hip hop, rap, southern hip hop, tennessee hip hop, trap", "Pink Friday Girls_Nicki Minaj": "hip pop, pop, queens hip hop, rap", "Cowgirl_Nicki Minaj Featuring Lourdiz": "hip pop, pop, queens hip hop, rap", "Pink Birthday_Nicki Minaj": "hip pop, pop, queens hip hop, rap", "Bahm Bahm_Nicki Minaj": "hip pop, pop, queens hip hop, rap", "Bellakeo_Peso Pluma & Anitta": "corridos tumbados, sad sierreno", "La Diabla_Xavi": "sad sierreno", "Jingle Bells_Meghan Trainor": "contemporary country, country, country road, modern country rock", "Crazy_Lil Baby": "atl hip hop, atl trap, rap, trap", "Never Lose Me_Flo Milli": "viral rap", "Lace It_Juice WRLD| Eminem & benny blanco": "chicago rap, melodic rap, rap", "Mind On You_George Birge": "modern country pop, texas country", "La Victima_Xavi": "sad sierreno", "Wondering Why_The Red Clay Strays": "", "DJ Play A Christmas Song_Cher": "dance pop, pop", "Winter Wonderland_Chloe": "classical, impressionism, neoclassicism, post-romantic era", "One Of The Girls_The Weeknd| JENNIE & Lily Rose Depp": "canadian contemporary r&b, canadian pop, pop", "Mistletoe_Justin Bieber": "canadian pop, pop", "I Saw Mommy Kissing Santa Claus_Jackson 5": "motown, soul", "(There's No Place Like) Home For The Holidays (1954)_Perry Como With Mitchell Ayers And His Orchestra": "adult standards, easy listening, lounge", "I Can Feel It_Kane Brown": "black americana, contemporary country, country, country road", "23_Chayce Beckham": "modern country pop", "Rompe La Dompe_Peso Pluma| Junior H & Oscar Maydon": "corridos tumbados, sad sierreno", "Murder On The Dancefloor_Sophie Ellis-Bextor": "dance pop, europop, new wave pop", "Wildflowers And Wild Horses_Lainey Wilson": "contemporary country, modern country pop", "One Of The Girls_The Weeknd| Jennie & Lily Rose Depp": "canadian contemporary r&b, canadian pop, pop", "Act II: Date @ 8_4Batz": "", "Coal_Dylan Gossett": "modern country pop", "When It Comes To You_Fridayy": "", "Where It Ends_Bailey Zimmerman": "contemporary country, modern country pop", "IDGAF_Tee Grizzley| Mariah The Scientist & Chris Brown": "detroit hip hop, detroit trap, rap, southern hip hop, trap"}